idEstado;Count.state;o.Count.state;o.estados.city;o.idCity
0;AK;AK;Big Lake;230
0;AK;AK;Kenai Peninsula;1323
0;AK;AK;Kasilof;1313
0;AK;AK;Spenard;2477
0;AK;AK;Seward;2385
0;AK;AK;Eagle River;730
0;AK;AK;Houston;1201
0;AK;AK;Wasilla;2757
0;AK;AK;Palmer;1984
0;AK;AK;Pilot Station;2068
0;AK;AK;Anchorage;55
0;AK;AK;Barrow;160
0;AK;AK;Nikolaevsk;1840
0;AK;AK;Juneau;1304
0;AK;AK;Anchor Point;54
0;AK;AK;Copper Center;581
0;AK;AK;North Pole;1873
0;AK;AK;Fairbanks;832
1;AL;AL;Phenix City;2055
1;AL;AL;Washington County;2752
1;AL;AL;Pell City;2028
1;AL;AL;Jackson County;1264
1;AL;AL;Arab;75
1;AL;AL;Chunchula;481
1;AL;AL;Ozark;1967
1;AL;AL;Opp;1935
1;AL;AL;Anniston;61
1;AL;AL;Coden;542
1;AL;AL;Jacksonville;1269
1;AL;AL;Clanton;493
1;AL;AL;Citronelle;488
1;AL;AL;Clay;508
1;AL;AL;Hanceville;1090
1;AL;AL;Piedmont;2064
1;AL;AL;Haynesville;1121
1;AL;AL;Sylacauga;2575
1;AL;AL;Talladega;2587
1;AL;AL;Semmes;2381
1;AL;AL;Atmore;113
1;AL;AL;Birmingham;236
1;AL;AL;Gordo;1014
1;AL;AL;Baldwin County;148
1;AL;AL;Tuscaloosa;2666
1;AL;AL;Bay Minette;179
1;AL;AL;Tuscumbia;2668
1;AL;AL;Barnwell;158
1;AL;AL;Selma;2379
1;AL;AL;Rainbow City;2175
1;AL;AL;Ranburne;2179
1;AL;AL;Huntsville;1220
1;AL;AL;Ariton;83
1;AL;AL;Gadsden;953
1;AL;AL;Prichard;2150
1;AL;AL;Brooksville;324
1;AL;AL;Ashville;104
1;AL;AL;Saraland;2355
1;AL;AL;Hoover;1192
1;AL;AL;Vestavia Hills;2707
1;AL;AL;Homewood;1189
1;AL;AL;Opelika;1934
1;AL;AL;Meridianville;1657
1;AL;AL;Millbrook;1687
1;AL;AL;Florence;877
1;AL;AL;Eclectic;753
1;AL;AL;Eastaboga;746
1;AL;AL;Montgomery;1732
1;AL;AL;Demopolis;678
1;AL;AL;Monroeville;1721
1;AL;AL;Albertville;29
1;AL;AL;Mobile;1705
1;AL;AL;Fairhope;842
1;AL;AL;Leeds;1455
1;AL;AL;Lawrence County;1438
1;AL;AL;Oxford;1961
1;AL;AL;Abbeville;1
1;AL;AL;Elkmont;785
1;AL;AL;Madison;1567
1;AL;AL;Macon County;1561
1;AL;AL;Eufaula;820
1;AL;AL;Luverne;1550
1;AL;AL;Morris;1752
1;AL;AL;Crenshaw County;605
1;AL;AL;Killeen;1335
1;AL;AL;Dadeville;627
1;AL;AL;Daphne;643
1;AL;AL;Muscle Shoals;1780
1;AL;AL;Ohatchee;1907
1;AL;AL;Westover;2829
1;AL;AL;Deer Park;664
1;AL;AL;Hamilton;1082
2;AR;AR;Bentonville;216
2;AR;AR;Lone Rock;1519
2;AR;AR;Jacksonville;1268
2;AR;AR;Sheridan;2405
2;AR;AR;Springdale;2489
2;AR;AR;England;802
2;AR;AR;Lowell;1535
2;AR;AR;Sims;2423
2;AR;AR;Shirley;2409
2;AR;AR;Benton;212
2;AR;AR;Ozark;1966
2;AR;AR;Batesville;172
2;AR;AR;North Little Rock;1869
2;AR;AR;Trumann;2653
2;AR;AR;Jonesboro;1296
2;AR;AR;Fayetteville;857
2;AR;AR;Stone County;2538
2;AR;AR;St. Francis County;2507
2;AR;AR;Strong;2545
2;AR;AR;Little Rock;1498
2;AR;AR;London;1517
2;AR;AR;Fort Smith;905
2;AR;AR;Mountain Pine;1767
2;AR;AR;Mississippi County;1701
2;AR;AR;Forrest City;892
2;AR;AR;Dover;709
2;AR;AR;Cabot;365
2;AR;AR;Rector;2196
2;AR;AR;Pine Bluff;2071
2;AR;AR;Desha;690
2;AR;AR;Perryville;2046
2;AR;AR;Formosa;891
2;AR;AR;Pope County;2111
2;AR;AR;Farmington;853
2;AR;AR;Mulberry;1777
2;AR;AR;Searcy County;2368
2;AR;AR;Manila;1587
2;AR;AR;Russellville;2295
2;AR;AR;Clarksville;506
2;AR;AR;Magnolia;1572
2;AR;AR;Blytheville;259
2;AR;AR;Bryant;333
2;AR;AR;Bull Shoals;340
2;AR;AR;Mena;1650
2;AR;AR;Marion;1603
2;AR;AR;Rose Bud;2266
2;AR;AR;Romance;2259
2;AR;AR;Atkins;110
2;AR;AR;Helena-West Helena;1131
2;AR;AR;Hackett;1077
2;AR;AR;Van Buren;2697
2;AR;AR;Austin;126
2;AR;AR;Yellville;2896
2;AR;AR;West Memphis;2809
2;AR;AR;Alexander;33
2;AR;AR;Warren;2744
2;AR;AR;Helena;1130
3;AZ;AZ;Bullhead City;341
3;AZ;AZ;Golden Valley;1005
3;AZ;AZ;Gilbert;984
3;AZ;AZ;Buckeye;335
3;AZ;AZ;Casa Grande;416
3;AZ;AZ;Lake Havasu City;1392
3;AZ;AZ;Prescott;2147
3;AZ;AZ;Wilhoit;2849
3;AZ;AZ;Red Valley;2198
3;AZ;AZ;Quartzsite;2167
3;AZ;AZ;Flagstaff;866
3;AZ;AZ;Grand Canyon Caverns;1020
3;AZ;AZ;Bisbee;237
3;AZ;AZ;Sierra Vista;2416
3;AZ;AZ;Golden Shores;1004
3;AZ;AZ;Globe;1002
3;AZ;AZ;Somerton;2448
3;AZ;AZ;Show Low;2412
3;AZ;AZ;Youngtown;2906
3;AZ;AZ;San Manuel;2328
3;AZ;AZ;Salt River Reservation;2314
3;AZ;AZ;Glendale;995
3;AZ;AZ;Sedona;2377
3;AZ;AZ;Scottsdale;2365
3;AZ;AZ;Florence;873
3;AZ;AZ;Winslow;2873
3;AZ;AZ;Mesa;1661
3;AZ;AZ;Apache Junction;69
3;AZ;AZ;Ehrenberg;764
3;AZ;AZ;Maricopa;1598
3;AZ;AZ;Clarkdale;498
3;AZ;AZ;Eagar;728
3;AZ;AZ;Douglas;703
3;AZ;AZ;Morenci;1747
3;AZ;AZ;La Paz County;1366
3;AZ;AZ;Kingman;1340
3;AZ;AZ;Cottonwood;592
3;AZ;AZ;Kearny;1318
3;AZ;AZ;Noglaes;1847
3;AZ;AZ;Pima County;2070
3;AZ;AZ;Pima;2069
3;AZ;AZ;Picture Rocks;2062
3;AZ;AZ;Pinetop;2076
3;AZ;AZ;Ahwatukee;17
3;AZ;AZ;Chandler;441
3;AZ;AZ;Pinetop-Lakeside;2077
3;AZ;AZ;Phoenix;2060
3;AZ;AZ;Parks;2001
3;AZ;AZ;Chinle;475
3;AZ;AZ;Parker;1999
3;AZ;AZ;Paulden;2015
3;AZ;AZ;Marana;1597
3;AZ;AZ;Peoria;2040
3;AZ;AZ;El Mirage;768
3;AZ;AZ;Avondale;134
3;AZ;AZ;Yuma;2911
3;AZ;AZ;Tuscson;2667
3;AZ;AZ;Three Points;2622
3;AZ;AZ;Tucson;2656
3;AZ;AZ;Goodyear;1012
3;AZ;AZ;Tolleson;2633
3;AZ;AZ;Lake Havasu;1391
3;AZ;AZ;Tonalea;2637
3;AZ;AZ;Tempe;2601
3;AZ;AZ;Sun City;2561
3;AZ;AZ;Surprise;2571
4;CA;CA;El Centro;766
4;CA;CA;Chino;476
4;CA;CA;Banning;153
4;CA;CA;Watsonville;2767
4;CA;CA;El Cajon;765
4;CA;CA;Palo Alto;1986
4;CA;CA;Watsonsville;2766
4;CA;CA;Paradise;1993
4;CA;CA;Chula Vista;480
4;CA;CA;Chino Hills;477
4;CA;CA;Chowchilla;478
4;CA;CA;Fresno;939
4;CA;CA;Citrus Heights;489
4;CA;CA;City Terrace;490
4;CA;CA;Apple Valley;73
4;CA;CA;Panorama City;1991
4;CA;CA;El Cerrito;767
4;CA;CA;Thousand Oaks;2620
4;CA;CA;Jamestown;1273
4;CA;CA;Oroville;1949
4;CA;CA;Orosi;1948
4;CA;CA;Marysville;1614
4;CA;CA;Antelope;64
4;CA;CA;Oxnard;1964
4;CA;CA;Orcutt;1943
4;CA;CA;Coalinga;535
4;CA;CA;Maywood;1625
4;CA;CA;Cloverdale;529
4;CA;CA;Florence;875
4;CA;CA;Clovis;532
4;CA;CA;Pacific Beach;1969
4;CA;CA;Marina;1600
4;CA;CA;Palm Desert;1980
4;CA;CA;Edison;759
4;CA;CA;Fremont;937
4;CA;CA;Palmdale;1983
4;CA;CA;Palm Springs;1982
4;CA;CA;Clearlake Park;515
4;CA;CA;Laguna Woods;1383
4;CA;CA;Martinez;1610
4;CA;CA;Antioch;68
4;CA;CA;Palermo;1975
4;CA;CA;Clearlake Oaks;514
4;CA;CA;Chico;473
4;CA;CA;Castaic;419
4;CA;CA;Cathedral City;420
4;CA;CA;Aguanga;16
4;CA;CA;Temecula;2600
4;CA;CA;Madera;1563
4;CA;CA;Madera County;1564
4;CA;CA;Bassett;170
4;CA;CA;Pomona;2106
4;CA;CA;Point Loma;2102
4;CA;CA;Elk Grove;780
4;CA;CA;Lake Forest;1389
4;CA;CA;Grand Terrace;1027
4;CA;CA;Woodville;2890
4;CA;CA;Walnut Creek;2734
4;CA;CA;Carson;409
4;CA;CA;Tehachapi;2598
4;CA;CA;Tehama County;2599
4;CA;CA;Grover Beach;1064
4;CA;CA;Industry;1241
4;CA;CA;Inglewood;1242
4;CA;CA;Avenal;130
4;CA;CA;Poway;2142
4;CA;CA;Porterville;2128
4;CA;CA;Indio;1240
4;CA;CA;Hanford;1092
4;CA;CA;Perris;2043
4;CA;CA;El Sereno;771
4;CA;CA;Chatsworth;454
4;CA;CA;Pico Rivera;2061
4;CA;CA;Barstow;162
4;CA;CA;Barona Indian Reservation;159
4;CA;CA;Paso Robles;2011
4;CA;CA;Pasadena;2008
4;CA;CA;El Monte;769
4;CA;CA;Arcata;77
4;CA;CA;Irvine;1250
4;CA;CA;Ceres;436
4;CA;CA;Cerritos;437
4;CA;CA;Pittsburg;2083
4;CA;CA;Inyokern;1246
4;CA;CA;Fullerton;948
4;CA;CA;Pleasanton;2095
4;CA;CA;Lake Elsinore;1388
4;CA;CA;Wasco;2747
4;CA;CA;Charleston View;448
4;CA;CA;Pinion Hills;2079
4;CA;CA;Lancaster;1415
4;CA;CA;Templeton;2605
4;CA;CA;Baldwin Hills;149
4;CA;CA;La Quinta;1369
4;CA;CA;Napa Valley;1791
4;CA;CA;Napa;1790
4;CA;CA;Douglas City;706
4;CA;CA;Kings County;1341
4;CA;CA;Danville;641
4;CA;CA;Muscoy;1781
4;CA;CA;Dinuba;699
4;CA;CA;Murrieta;1779
4;CA;CA;Turlock;2665
4;CA;CA;Dos Palos;702
4;CA;CA;Davis;650
4;CA;CA;Newman;1829
4;CA;CA;Newark;1825
4;CA;CA;Torrance;2641
4;CA;CA;Nice;1837
4;CA;CA;Newport Beach;1832
4;CA;CA;Culver City;619
4;CA;CA;Needles;1799
4;CA;CA;Daly City;636
4;CA;CA;Natomas;1797
4;CA;CA;Downey;712
4;CA;CA;Alpine;44
4;CA;CA;Wilmington;2856
4;CA;CA;Montclair;1723
4;CA;CA;Hacienda Heights;1075
4;CA;CA;Willits;2854
4;CA;CA;Monterey Park;1727
4;CA;CA;Monterey;1726
4;CA;CA;Montebello;1725
4;CA;CA;Mojave;1708
4;CA;CA;Modesto;1707
4;CA;CA;Tulare;2659
4;CA;CA;Fontana;885
4;CA;CA;Desert Hot Springs;689
4;CA;CA;Whittier;2844
4;CA;CA;Alhambra;38
4;CA;CA;La Habra;1363
4;CA;CA;Moreno Valley;1748
4;CA;CA;West Sacramento;2816
4;CA;CA;Milpitas;1692
4;CA;CA;Westminster;2825
4;CA;CA;Delhi;673
4;CA;CA;Foresthill;888
4;CA;CA;Azusa;138
4;CA;CA;Del Mar;669
4;CA;CA;La Mirada;1365
4;CA;CA;Delano;671
4;CA;CA;Duarte;715
4;CA;CA;Winchester;2864
4;CA;CA;Oceanside;1902
4;CA;CA;Menifee;1652
4;CA;CA;Colton;555
4;CA;CA;East Hollywood;737
4;CA;CA;Olivehurst;1921
4;CA;CA;Anderson;56
4;CA;CA;Compton;569
4;CA;CA;Concord;570
4;CA;CA;Merced;1653
4;CA;CA;Joshua Tree;1301
4;CA;CA;Oakland;1895
4;CA;CA;Mecca;1641
4;CA;CA;Weitchpec;2785
4;CA;CA;Windsor;2866
4;CA;CA;Laguna Niguel;1381
4;CA;CA;McKinneyville;1631
4;CA;CA;Meadow Vista;1639
4;CA;CA;Ontario;1930
4;CA;CA;Ono;1929
4;CA;CA;Olympic Valley;1924
4;CA;CA;Orange;1936
4;CA;CA;Grass Valley;1034
4;CA;CA;East Los Angeles;738
4;CA;CA;Covina;598
4;CA;CA;Durham;723
4;CA;CA;Norco;1851
4;CA;CA;Cottonwood;591
4;CA;CA;Bakersfield;146
4;CA;CA;Half Moon Bay;1078
4;CA;CA;Hemet;1132
4;CA;CA;Nipton;1843
4;CA;CA;Nipomo;1842
4;CA;CA;Dunsmuir;720
4;CA;CA;West Goshen;2802
4;CA;CA;Crescent City;606
4;CA;CA;Ladera Heights;1375
4;CA;CA;Jurupa Valley;1306
4;CA;CA;Fountain Valley;917
4;CA;CA;Oak View;1892
4;CA;CA;Oak Park;1890
4;CA;CA;Norwalk;1881
4;CA;CA;West Covina;2799
4;CA;CA;North Hollywood;1866
4;CA;CA;North Hills;1865
4;CA;CA;Anaheim;53
4;CA;CA;Corning;585
4;CA;CA;Corona;586
4;CA;CA;Lamont;1409
4;CA;CA;Sand City;2334
4;CA;CA;San Ysidro;2333
4;CA;CA;Gilroy;988
4;CA;CA;Santa Ana;2342
4;CA;CA;Lodi;1509
4;CA;CA;Brawley;293
4;CA;CA;Stockton;2536
4;CA;CA;Beaumont;184
4;CA;CA;Brea;296
4;CA;CA;San Mateo;2331
4;CA;CA;San Marcos;2330
4;CA;CA;Livermore;1500
4;CA;CA;Santa Monica;2349
4;CA;CA;Santa Maria;2348
4;CA;CA;Santa Nella;2350
4;CA;CA;Santa Rosa;2352
4;CA;CA;Santa Paula;2351
4;CA;CA;Santa Cruz;2346
4;CA;CA;Santa Barbara;2343
4;CA;CA;Boyle Heights;283
4;CA;CA;Santa Clara;2344
4;CA;CA;Boulder Creek;279
4;CA;CA;Santa Clarita;2345
4;CA;CA;San Leandro;2327
4;CA;CA;Yorba Linda;2899
4;CA;CA;Roseville;2271
4;CA;CA;Escalon;812
4;CA;CA;Vallejo;2694
4;CA;CA;Escondido;813
4;CA;CA;Rosemead;2269
4;CA;CA;Van Nuys;2698
4;CA;CA;Long Beach;1521
4;CA;CA;Rosamond;2265
4;CA;CA;Valley View;2696
4;CA;CA;Herald;1144
4;CA;CA;Sacramento;2299
4;CA;CA;San Fernando;2323
4;CA;CA;San Diego County;2322
4;CA;CA;San Francisco;2324
4;CA;CA;San Jose;2326
4;CA;CA;San Gabriel;2325
4;CA;CA;San Diego;2321
4;CA;CA;Salinas;2309
4;CA;CA;Lompoc;1516
4;CA;CA;Hesperia;1150
4;CA;CA;San Clemente;2320
4;CA;CA;San Bernardino;2318
4;CA;CA;Santee;2353
4;CA;CA;Lincoln;1483
4;CA;CA;South El Monte;2451
4;CA;CA;South Gate;2453
4;CA;CA;South Lake Tahoe;2457
4;CA;CA;Bell Gardens;198
4;CA;CA;Linda;1489
4;CA;CA;Big Sur;232
4;CA;CA;Highgrove;1156
4;CA;CA;Solvang;2446
4;CA;CA;Bell;196
4;CA;CA;University City;2685
4;CA;CA;South Los Angeles;2458
4;CA;CA;Hayward;1124
4;CA;CA;Lemon Grove;1462
4;CA;CA;Stanton;2523
4;CA;CA;Bellflower;202
4;CA;CA;Goleta;1006
4;CA;CA;Lemoore;1463
4;CA;CA;Fair Oaks;831
4;CA;CA;Auburn;118
4;CA;CA;Union City;2676
4;CA;CA;Yuba City;2908
4;CA;CA;Lakewood;1407
4;CA;CA;Yreka;2907
4;CA;CA;Atascadero;108
4;CA;CA;Seaside;2370
4;CA;CA;Fairfield;839
4;CA;CA;Hawaiian Gardens;1117
4;CA;CA;Selma;2378
4;CA;CA;Glendale;994
4;CA;CA;Sylmar;2576
4;CA;CA;Valinda;2693
4;CA;CA;Eureka;823
4;CA;CA;Glen Valley;993
4;CA;CA;Saratoga;2357
4;CA;CA;Sunnyvale;2564
4;CA;CA;Siskiyou County;2426
4;CA;CA;Vacaville;2689
4;CA;CA;Smartsville;2429
4;CA;CA;Yucca Valley;2909
4;CA;CA;Highland;1157
4;CA;CA;Glendora;996
4;CA;CA;Shafter;2387
4;CA;CA;Hawthorne;1119
4;CA;CA;Sherman Oaks;2407
4;CA;CA;Studio City;2548
4;CA;CA;Atwater;114
4;CA;CA;Rocklin;2252
4;CA;CA;Huntington Beach;1215
4;CA;CA;Huntington Park;1216
4;CA;CA;Garden Grove;961
4;CA;CA;Ripon;2231
4;CA;CA;Calimesa;377
4;CA;CA;California City;376
4;CA;CA;Camarillo;380
4;CA;CA;Visalia;2718
4;CA;CA;Encinitas;801
4;CA;CA;Riverside;2238
4;CA;CA;Victorville;2709
4;CA;CA;Campo;386
4;CA;CA;Rancho Mirage;2182
4;CA;CA;Rancho Tehama Reserve;2184
4;CA;CA;Hope Ranch;1193
4;CA;CA;Rancho Santa Margarita;2183
4;CA;CA;Riverbank;2235
4;CA;CA;Byron;362
4;CA;CA;Calabasas;369
4;CA;CA;Emeryville;798
4;CA;CA;Calaveras County;370
4;CA;CA;Cabazon;364
4;CA;CA;Redondo Beach;2203
4;CA;CA;Redding;2199
4;CA;CA;Redlands;2201
4;CA;CA;Redwood City;2204
4;CA;CA;Rialto;2215
4;CA;CA;Calexico;374
4;CA;CA;Gardena;962
4;CA;CA;Richmond;2220
4;CA;CA;Red Bluff;2197
4;CA;CA;Reseda;2211
4;CA;CA;Butte County;358
4;CA;CA;Huron;1221
4;CA;CA;Home Garden;1184
4;CA;CA;Hollywood Hills;1182
4;CA;CA;Vista;2719
4;CA;CA;Tustin;2669
4;CA;CA;Ashland;99
4;CA;CA;Los Banos;1527
4;CA;CA;Venice;2703
4;CA;CA;Hollywood;1181
4;CA;CA;Twentynine Palms;2670
4;CA;CA;Adelanto;13
4;CA;CA;Lucerne;1543
4;CA;CA;Lynwood;1555
4;CA;CA;Imperial County;1233
4;CA;CA;Rancho Cordova;2180
4;CA;CA;Carmichael;402
4;CA;CA;Los Angeles;1526
4;CA;CA;Burbank;344
4;CA;CA;Artesia;91
4;CA;CA;Happy Valley;1097
4;CA;CA;Rancho Cucamonga;2181
5;CO;CO;Aurora;122
5;CO;CO;Eldorado Springs;774
5;CO;CO;Greeley;1040
5;CO;CO;Montrose County;1739
5;CO;CO;Springfield;2495
5;CO;CO;Highlands Ranch;1158
5;CO;CO;Durango;722
5;CO;CO;LaSalle;1372
5;CO;CO;Pueblo;2160
5;CO;CO;Grand Junction;1023
5;CO;CO;Fountain;915
5;CO;CO;Sedalia;2376
5;CO;CO;Denver;682
5;CO;CO;Sterling;2530
5;CO;CO;North Fort Collins;1863
5;CO;CO;Westminster;2827
5;CO;CO;Fort Carson;894
5;CO;CO;Rangley;2187
5;CO;CO;Fort Lupton;899
5;CO;CO;Cañon City;425
5;CO;CO;Glenwood Springs;1001
5;CO;CO;Dinosaur;698
5;CO;CO;Fort Collins;895
5;CO;CO;Westminister;2824
5;CO;CO;Mountain View;1768
5;CO;CO;Trinidad;2647
5;CO;CO;Pleasant View;2094
5;CO;CO;Centennial;432
5;CO;CO;Monument;1740
5;CO;CO;Valdez;2691
5;CO;CO;Bailey;143
5;CO;CO;Golden;1003
5;CO;CO;Strasburg;2543
5;CO;CO;Fort Morgan;902
5;CO;CO;New Castle;1811
5;CO;CO;Evans;826
5;CO;CO;Colorado City;553
5;CO;CO;Colorado Springs;554
5;CO;CO;Friendly Hills;941
5;CO;CO;Larimer County;1427
5;CO;CO;Watkins;2765
5;CO;CO;Avon;132
5;CO;CO;Federal Heights;859
5;CO;CO;Lakewood;1406
5;CO;CO;Commerce City;568
5;CO;CO;Brandon;291
5;CO;CO;Rifle;2227
5;CO;CO;Loveland;1531
5;CO;CO;Parker;1998
5;CO;CO;Englewood;805
5;CO;CO;Thornton;2619
5;CO;CO;Clear Creek Canyon;512
5;CO;CO;Longmont;1522
5;CO;CO;Broomfield;327
5;CO;CO;Gunnison County;1071
5;CO;CO;Park County;1997
5;CO;CO;Orchard Mesa;1942
5;CO;CO;Brighton;307
5;CO;CO;Lone Tree;1520
5;CO;CO;Adams County;10
5;CO;CO;Loma;1515
5;CO;CO;Fruita;945
5;CO;CO;Alamosa;25
5;CO;CO;Hanover;1093
5;CO;CO;Idaho Springs;1230
5;CO;CO;Arvada;93
5;CO;CO;Boulder;277
5;CO;CO;Northglenn;1879
6;CT;CT;Mashantucket;1618
6;CT;CT;New Britain;1807
6;CT;CT;Old Saybrook;1918
6;CT;CT;East Hartford;736
6;CT;CT;Bridgeport;304
6;CT;CT;Ansonia;63
6;CT;CT;Bolton;265
6;CT;CT;Stamford;2520
6;CT;CT;Danbury;638
6;CT;CT;West Haven;2803
6;CT;CT;Oakdale;1893
6;CT;CT;Wethersfield;2830
6;CT;CT;Thomaston;2615
6;CT;CT;Manchester;1578
6;CT;CT;Waterbury;2762
6;CT;CT;Suffield;2550
6;CT;CT;Fairfield;841
6;CT;CT;Hartford;1109
6;CT;CT;New Milford;1818
6;CT;CT;Norwich;1882
7;DC;DC;Washington;2749
8;DE;DE;Wilmington;2858
8;DE;DE;Lewes;1469
8;DE;DE;Frederica;931
8;DE;DE;Milford;1686
8;DE;DE;Claymont;509
8;DE;DE;Dover;710
8;DE;DE;Smyrna;2436
8;DE;DE;Middletown;1676
8;DE;DE;New Castle;1809
9;FL;FL;Leesburg;1457
9;FL;FL;Lake Asbury;1384
9;FL;FL;Melbourne;1647
9;FL;FL;Florida City;880
9;FL;FL;Lawtey;1443
9;FL;FL;Elkton;789
9;FL;FL;Milton;1693
9;FL;FL;Lakeland;1399
9;FL;FL;Pompano Beach;2107
9;FL;FL;Miami;1667
9;FL;FL;Floral City;872
9;FL;FL;Mexico Beach;1665
9;FL;FL;Marion County;1605
9;FL;FL;Miramar;1699
9;FL;FL;Lauderhill;1433
9;FL;FL;Lehigh Acres;1459
9;FL;FL;Lake Wales;1398
9;FL;FL;Lake Mary;1395
9;FL;FL;Loxahatchee;1539
9;FL;FL;Miami-Dade;1671
9;FL;FL;Micanopy;1672
9;FL;FL;Eustis;824
9;FL;FL;Dundee;719
9;FL;FL;Miami Gardens;1669
9;FL;FL;Mandarin;1583
9;FL;FL;Lauderdale Lakes;1432
9;FL;FL;Middleburg;1674
9;FL;FL;Dover;708
9;FL;FL;Yulee;2910
9;FL;FL;Manatee;1577
9;FL;FL;Lealman;1449
9;FL;FL;Mascotte;1617
9;FL;FL;Englewood;803
9;FL;FL;Edgewater;755
9;FL;FL;Miami Beach;1668
9;FL;FL;Winter Haven;2875
9;FL;FL;Largo;1426
9;FL;FL;Midway;1682
9;FL;FL;Lady Lake;1377
9;FL;FL;Lakes Wales;1403
9;FL;FL;Little Havana;1495
9;FL;FL;Lantana;1422
9;FL;FL;Gainesville;955
9;FL;FL;Indiantown;1239
9;FL;FL;Hernando;1147
9;FL;FL;Carollwood;404
9;FL;FL;Casselberry;418
9;FL;FL;Port Richey;2120
9;FL;FL;Port St. Lucie;2122
9;FL;FL;Port St. Joe;2121
9;FL;FL;Indian River County;1237
9;FL;FL;Cantonment;394
9;FL;FL;Putnam Hall;2164
9;FL;FL;Callahan;378
9;FL;FL;Quincy;2170
9;FL;FL;Indialantic;1236
9;FL;FL;Sunrise;2566
9;FL;FL;Cape Canaveral;396
9;FL;FL;Cape Coral;397
9;FL;FL;Pensacola;2038
9;FL;FL;Tamarac;2589
9;FL;FL;Perdido Key;2042
9;FL;FL;Frostproof;944
9;FL;FL;Panama City Beach;1988
9;FL;FL;Panama City;1987
9;FL;FL;Citra;487
9;FL;FL;Jacksonsville;1266
9;FL;FL;Pinellas Park;2075
9;FL;FL;Poinciana;2101
9;FL;FL;Ft. Lauderdale;947
9;FL;FL;Port Orange;2118
9;FL;FL;Port Charlotte;2116
9;FL;FL;Fruitland Park;946
9;FL;FL;Tallahassee;2588
9;FL;FL;Plantation;2091
9;FL;FL;Plant City;2090
9;FL;FL;Immokalee;1232
9;FL;FL;Boynton Beach;284
9;FL;FL;St. Petersburg;2517
9;FL;FL;Sarasota;2356
9;FL;FL;Hilliard;1159
9;FL;FL;Bradenton;288
9;FL;FL;San Carlos Park;2319
9;FL;FL;Boyton Beach;285
9;FL;FL;Starke;2525
9;FL;FL;Sebring;2373
9;FL;FL;Spring Hill;2487
9;FL;FL;Beverly Hills;226
9;FL;FL;Springfield;2493
9;FL;FL;Auburndale;119
9;FL;FL;St. Cloud;2505
9;FL;FL;Seville;2384
9;FL;FL;St. Augustine;2500
9;FL;FL;Sneads;2437
9;FL;FL;Homestead;1187
9;FL;FL;Vero Beach;2706
9;FL;FL;Hollywood;1180
9;FL;FL;Rockledge;2251
9;FL;FL;Bushnell;355
9;FL;FL;Hialeah;1153
9;FL;FL;Riverview;2241
9;FL;FL;Viera;2710
9;FL;FL;Bruce;330
9;FL;FL;Ruskin;2293
9;FL;FL;Belle Glade;199
9;FL;FL;Hog Valley;1173
9;FL;FL;Safety Harbor;2300
9;FL;FL;Brooksville;323
9;FL;FL;Holly Hill;1179
9;FL;FL;Holiday;1176
9;FL;FL;Gifford;983
9;FL;FL;Palmetto;1985
9;FL;FL;Kendale Lakes;1324
9;FL;FL;Nokomis;1848
9;FL;FL;Noma;1850
9;FL;FL;Crescent City;607
9;FL;FL;Avon Park;133
9;FL;FL;West Kendall;2805
9;FL;FL;Niceville;1838
9;FL;FL;Crystal Springs;616
9;FL;FL;North Miami;1871
9;FL;FL;North Fort Myers;1864
9;FL;FL;The Villages;2613
9;FL;FL;North Miami Beach;1872
9;FL;FL;Amelia Island;49
9;FL;FL;Fort Walton Beach;910
9;FL;FL;North Escambia;1862
9;FL;FL;Fountain;914
9;FL;FL;Dade City;626
9;FL;FL;West Palm Beach;2815
9;FL;FL;DeLand;655
9;FL;FL;Fort Lauderdale;897
9;FL;FL;Daytona Beach;652
9;FL;FL;Deltona;676
9;FL;FL;Titusville;2630
9;FL;FL;Mulberry;1776
9;FL;FL;Delray Beach;674
9;FL;FL;Navarre;1798
9;FL;FL;Thonotosassa;2618
9;FL;FL;Fort Pierce;904
9;FL;FL;Fort Myers;903
9;FL;FL;Barberville;155
9;FL;FL;Davie;648
9;FL;FL;Dania Beach;639
9;FL;FL;Naples;1793
9;FL;FL;Coral Springs;582
9;FL;FL;Tampa;2590
9;FL;FL;Osteen;1952
9;FL;FL;Clermont;518
9;FL;FL;Weeki Wachi;2782
9;FL;FL;Tarpon Springs;2593
9;FL;FL;Temple Terrace;2604
9;FL;FL;Ormond Beach;1947
9;FL;FL;Orlando;1946
9;FL;FL;Palatka;1974
9;FL;FL;Palm City;1979
9;FL;FL;Palm Beach Gardens;1978
9;FL;FL;Apopka;71
9;FL;FL;Palm Harbor;1981
9;FL;FL;Palm Bay;1977
9;FL;FL;Clearwater;516
9;FL;FL;Jacksonville;1267
9;FL;FL;Grant-Valkaria;1031
9;FL;FL;Hallandale Beach;1080
9;FL;FL;Ocala;1900
9;FL;FL;Olustee;1922
9;FL;FL;Old Town;1920
9;FL;FL;Jupiter;1305
9;FL;FL;North Port;1874
9;FL;FL;Oakland Park;1897
9;FL;FL;Bascom;167
9;FL;FL;Coleman;549
9;FL;FL;Cocoa;540
9;FL;FL;Cocoa Beach;541
9;FL;FL;Orange Park;1940
9;FL;FL;Orange County;1939
9;FL;FL;Orange City;1938
9;FL;FL;Opa-Locka;1933
9;FL;FL;Wellington;2789
10;GA;GA;Forest Park;886
10;GA;GA;Henry County;1140
10;GA;GA;Franklin;922
10;GA;GA;Hall County;1079
10;GA;GA;Johns Creek;1288
10;GA;GA;Hampton;1089
10;GA;GA;Jesup;1286
10;GA;GA;Kingsland;1344
10;GA;GA;Habersham;1074
10;GA;GA;LaGrange;1371
10;GA;GA;Fort Valley;909
10;GA;GA;Floyd County;882
10;GA;GA;Hiram;1167
10;GA;GA;Hogansville;1174
10;GA;GA;Greenville;1056
10;GA;GA;Glenwood;1000
10;GA;GA;Glennville;997
10;GA;GA;Grovetown;1066
10;GA;GA;Jackson;1261
10;GA;GA;Gainesville;956
10;GA;GA;Griffin;1063
10;GA;GA;Lake Lanier;1394
10;GA;GA;Carroll County;406
10;GA;GA;Carrollton;407
10;GA;GA;Calhoun;375
10;GA;GA;Carnesville;403
10;GA;GA;Porterdale;2127
10;GA;GA;Acworth;8
10;GA;GA;Powder Springs;2143
10;GA;GA;Cartersville;412
10;GA;GA;Rockville;2253
10;GA;GA;Brunswick;332
10;GA;GA;Roswell;2278
10;GA;GA;Rossville;2276
10;GA;GA;Rincon;2229
10;GA;GA;Byron;363
10;GA;GA;Buford;339
10;GA;GA;Riverdale;2236
10;GA;GA;Leesburg;1456
10;GA;GA;Cobb County;536
10;GA;GA;Claxton;507
10;GA;GA;Clayton;510
10;GA;GA;Commerce;567
10;GA;GA;Conyers;576
10;GA;GA;Cochran;537
10;GA;GA;Columbus;564
10;GA;GA;Chatham County;453
10;GA;GA;Pearson;2025
10;GA;GA;Cedartown;430
10;GA;GA;Chamblee;440
10;GA;GA;Chickamauga;471
10;GA;GA;Clarkesville;499
10;GA;GA;Peachtree City;2020
10;GA;GA;Paulding County;2016
10;GA;GA;Brooklet;317
10;GA;GA;Atlanta;111
10;GA;GA;Augusta;120
10;GA;GA;Valdosta;2692
10;GA;GA;Athens;109
10;GA;GA;Austell;125
10;GA;GA;Bainbridge;144
10;GA;GA;Union City;2675
10;GA;GA;Tyrone;2673
10;GA;GA;Woodstock;2889
10;GA;GA;Albany;27
10;GA;GA;Adel;12
10;GA;GA;Woodville;2891
10;GA;GA;Arlington;84
10;GA;GA;Walton County;2739
10;GA;GA;Whitfield County;2843
10;GA;GA;White;2836
10;GA;GA;Snellville;2438
10;GA;GA;Smyrna;2434
10;GA;GA;Spalding County;2467
10;GA;GA;Bibb County;228
10;GA;GA;Sandy Springs;2339
10;GA;GA;Salacoa;2303
10;GA;GA;Savannah;2358
10;GA;GA;Bonaire;267
10;GA;GA;Thomas County;2614
10;GA;GA;Talking Rock;2586
10;GA;GA;Thomasville;2617
10;GA;GA;Barrow County;161
10;GA;GA;Stone Mountain;2540
10;GA;GA;Stockbridge;2535
10;GA;GA;Sylvester;2579
10;GA;GA;Sylvania;2577
10;GA;GA;Dalton;634
10;GA;GA;Macon;1560
10;GA;GA;Elberton;772
10;GA;GA;Eden;754
10;GA;GA;Marietta;1599
10;GA;GA;Mableton;1558
10;GA;GA;Newnan;1830
10;GA;GA;Lumpkin;1549
10;GA;GA;Cumming;623
10;GA;GA;Moultrie;1759
10;GA;GA;Cuthbert;625
10;GA;GA;Monroe;1715
10;GA;GA;Molena;1709
10;GA;GA;Monticello;1736
10;GA;GA;Morrow;1755
10;GA;GA;Decatur;662
10;GA;GA;Douglas;705
10;GA;GA;DeKalb County;653
10;GA;GA;McIntosh County;1629
10;GA;GA;East Point;740
10;GA;GA;Douglasville;707
10;GA;GA;Dunwoody;721
10;GA;GA;Port Wentworth;2123
10;GA;GA;Loganville;1514
10;GA;GA;Locust Grove;1507
10;GA;GA;Lawrenceville;1442
10;GA;GA;Lizella;1504
10;GA;GA;Covington;600
10;GA;GA;Ludowici;1545
10;GA;GA;Dahlonega;628
10;GA;GA;Norcross;1852
11;HI;HI;Kalihi;1309
11;HI;HI;Puna;2163
11;HI;HI;Hilo;1163
11;HI;HI;Honolulu;1191
11;HI;HI;Kahuku;1307
11;HI;HI;Aiea;18
11;HI;HI;North Shore;1877
11;HI;HI;Pahoa;1972
11;HI;HI;Maui;1621
11;HI;HI;Nanakuli;1789
11;HI;HI;Wailuku;2726
11;HI;HI;Keaau;1316
11;HI;HI;Papaaloa;1992
12;IA;IA;Des Moines;686
12;IA;IA;West Burlington;2797
12;IA;IA;Urbandale;2687
12;IA;IA;Moorland;1743
12;IA;IA;Webster City;2780
12;IA;IA;Sioux City;2424
12;IA;IA;Wellman;2791
12;IA;IA;West Des Moines;2800
12;IA;IA;Altoona;46
12;IA;IA;Ankeny;60
12;IA;IA;Bettendorf;223
12;IA;IA;Boone;269
12;IA;IA;Clinton;527
12;IA;IA;Fort Dodge;896
12;IA;IA;Dakota City;629
12;IA;IA;Council Bluffs;596
12;IA;IA;North English;1861
12;IA;IA;Nashua;1795
12;IA;IA;Cedar Rapids;429
12;IA;IA;Davenport;645
12;IA;IA;Fort Madison;900
12;IA;IA;Creston;608
12;IA;IA;Burlington;348
12;IA;IA;Panora;1990
13;ID;ID;Pocatello;2100
13;ID;ID;Melba;1646
13;ID;ID;Meridian;1655
13;ID;ID;Preston;2149
13;ID;ID;Wendell;2793
13;ID;ID;Gooding;1010
13;ID;ID;Weippe;2783
13;ID;ID;Boise;263
13;ID;ID;Hammett;1085
13;ID;ID;Nampa;1788
13;ID;ID;Homedale;1185
13;ID;ID;Coolin;578
13;ID;ID;Sandpoint;2337
13;ID;ID;Caldwell;371
13;ID;ID;Mountain Home;1766
13;ID;ID;Jefferson County;1279
13;ID;ID;Idaho Falls;1229
13;ID;ID;Kuna;1360
13;ID;ID;Rigby;2228
13;ID;ID;Coeur d'Alene;543
13;ID;ID;Blackfoot;243
13;ID;ID;Rexburg;2213
13;ID;ID;Council;595
13;ID;ID;Middleton;1675
13;ID;ID;Garden City;960
14;IL;IL;Washington Park;2754
14;IL;IL;Villa Park;2711
14;IL;IL;Waukegan;2769
14;IL;IL;North Aurora;1856
14;IL;IL;North Riverside;1875
14;IL;IL;Gurnee;1072
14;IL;IL;Lansing;1420
14;IL;IL;Lawndale;1435
14;IL;IL;Zion;2913
14;IL;IL;Joilet;1294
14;IL;IL;Jerseyville;1285
14;IL;IL;Lisle;1492
14;IL;IL;Joliet;1295
14;IL;IL;Harvey;1112
14;IL;IL;Rantoul;2188
14;IL;IL;Round Lake;2280
14;IL;IL;Hurst;1223
14;IL;IL;Metropolis;1664
14;IL;IL;Quincy;2169
14;IL;IL;Shawnee National Forest;2393
14;IL;IL;Rock Falls;2248
14;IL;IL;River Forest;2234
14;IL;IL;Robbins;2245
14;IL;IL;Richton Park;2225
14;IL;IL;Rockford;2250
14;IL;IL;Rock Island;2249
14;IL;IL;Lyons;1556
14;IL;IL;Mackinaw;1559
14;IL;IL;Macoupin County;1562
14;IL;IL;Lakemoor;1401
14;IL;IL;Nokomis;1849
14;IL;IL;Peoria;2041
14;IL;IL;Stockton;2537
14;IL;IL;Springfield;2492
14;IL;IL;South Elgin;2452
14;IL;IL;Maeystown;1570
14;IL;IL;Marion;1604
14;IL;IL;Markham;1606
14;IL;IL;East St. Louis;742
14;IL;IL;Benton;211
14;IL;IL;Beach Park;181
14;IL;IL;Dalton;635
14;IL;IL;Clinton;526
14;IL;IL;Belleville;200
14;IL;IL;Bridgeview;306
14;IL;IL;Des Plaines;688
14;IL;IL;Geneseo;971
14;IL;IL;Arcola;79
14;IL;IL;Bloomingdale;250
14;IL;IL;Deerfield;666
14;IL;IL;Chicago;469
14;IL;IL;Antioch;66
14;IL;IL;Alton;45
14;IL;IL;Aurora;123
14;IL;IL;Elgin;775
14;IL;IL;Danville;640
14;IL;IL;Dolton;701
14;IL;IL;Chicago Heights;470
14;IL;IL;Forest Park;887
15;IN;IN;Oakland City;1896
15;IN;IN;Avon;131
15;IN;IN;New Albany;1805
15;IN;IN;Elkhart;782
15;IN;IN;Portland;2129
15;IN;IN;Seymour;2386
15;IN;IN;Lafayette;1378
15;IN;IN;Monroe County;1719
15;IN;IN;Carmel;401
15;IN;IN;Evansville;827
15;IN;IN;Harmony;1102
15;IN;IN;Brookville;326
15;IN;IN;South Bend;2450
15;IN;IN;Harrison County;1105
15;IN;IN;Dearborn County;660
15;IN;IN;Columbua;563
15;IN;IN;Fort Wayne;912
15;IN;IN;Clarksville;503
15;IN;IN;Brownstown;328
15;IN;IN;Merrillville;1659
15;IN;IN;New Castle;1810
15;IN;IN;English;806
15;IN;IN;Henry County;1141
15;IN;IN;Goshen;1016
15;IN;IN;Kennard;1325
15;IN;IN;Vincennes;2712
15;IN;IN;Shelbyville;2399
15;IN;IN;Crown Point;613
15;IN;IN;Dyer;725
15;IN;IN;Fishers;864
15;IN;IN;Walton;2738
15;IN;IN;Muncie;1778
15;IN;IN;Huntington;1214
15;IN;IN;Sullivan;2555
15;IN;IN;North Manchester;1870
15;IN;IN;Springville;2497
15;IN;IN;Randolph County;2186
15;IN;IN;Kokomo;1358
15;IN;IN;Greenwood;1058
15;IN;IN;Beech Grove;192
15;IN;IN;Gary;966
15;IN;IN;Lawrenceburg;1439
15;IN;IN;French Lick;938
15;IN;IN;Knox;1353
15;IN;IN;Indianapolis;1238
15;IN;IN;Salem;2305
15;IN;IN;Lawrence;1436
15;IN;IN;West Terre Haute;2818
15;IN;IN;Owen County;1957
15;IN;IN;South Haven;2455
15;IN;IN;Jeffersonville;1281
15;IN;IN;Crawfordsville;604
15;IN;IN;Portage;2124
15;IN;IN;Hanover;1094
15;IN;IN;Terre Haute;2606
15;IN;IN;Boonville;271
15;IN;IN;Memphis;1649
15;IN;IN;Monon;1713
16;KS;KS;Pratt;2146
16;KS;KS;Lehigh;1458
16;KS;KS;Kansas City;1311
16;KS;KS;Hutchinson;1227
16;KS;KS;Finney County;863
16;KS;KS;Lawrence;1437
16;KS;KS;Gardner;963
16;KS;KS;Junction City;1303
16;KS;KS;Topeka;2639
16;KS;KS;Chetopa;467
16;KS;KS;Medicine Lodge;1644
16;KS;KS;McPherson;1636
16;KS;KS;Hesston;1152
16;KS;KS;Leavenworth;1450
16;KS;KS;Udall;2674
16;KS;KS;Manhattan;1586
16;KS;KS;Assaria;107
16;KS;KS;Hays;1122
16;KS;KS;Rosalia;2264
16;KS;KS;Wamego;2740
16;KS;KS;Salina;2308
16;KS;KS;Olathe;1914
16;KS;KS;Wichita;2845
16;KS;KS;Newton;1834
16;KS;KS;Colby;547
16;KS;KS;Overland Park;1954
17;KY;KY;Gray;1036
17;KY;KY;Berea;217
17;KY;KY;Booneville;270
17;KY;KY;Muhlenberg County;1775
17;KY;KY;Pippa Passes;2082
17;KY;KY;Bowling Green;281
17;KY;KY;Bremen;298
17;KY;KY;Elsmere;795
17;KY;KY;Scottsville;2366
17;KY;KY;Bardstown;157
17;KY;KY;Ludlow;1544
17;KY;KY;Barbourville;156
17;KY;KY;Owensboro;1958
17;KY;KY;Pine Top;2074
17;KY;KY;Bonnyman;268
17;KY;KY;Baxter;176
17;KY;KY;Scott County;2363
17;KY;KY;Brodhead;313
17;KY;KY;Fulton;951
17;KY;KY;Princeton;2152
17;KY;KY;Lawrenceburg;1441
17;KY;KY;Elkton;790
17;KY;KY;Russellville;2294
17;KY;KY;Martin County;1609
17;KY;KY;Carter County;411
17;KY;KY;Wolfe County;2880
17;KY;KY;Leitchfield;1460
17;KY;KY;Jackson County;1265
17;KY;KY;Gunlock;1070
17;KY;KY;Knox County;1354
17;KY;KY;White Plains;2838
17;KY;KY;Williamsburg;2852
17;KY;KY;Cumberland County;622
17;KY;KY;Bell County;197
17;KY;KY;Daviess County;649
17;KY;KY;Dexter;693
17;KY;KY;Wilmore;2859
17;KY;KY;Sharpsburg;2392
17;KY;KY;Trosper;2649
17;KY;KY;London;1518
17;KY;KY;Hebron;1128
17;KY;KY;East Bernstadt;733
17;KY;KY;Montgomery Creek;1734
17;KY;KY;Phelps;2054
17;KY;KY;Paducah;1971
17;KY;KY;Louisville;1529
17;KY;KY;Utica;2688
17;KY;KY;Nicholasville;1839
17;KY;KY;Shelbyville;2400
17;KY;KY;Oil Springs;1908
17;KY;KY;Fisty;865
17;KY;KY;Shepherdsville;2404
17;KY;KY;Warren County;2745
17;KY;KY;Hiseville;1169
17;KY;KY;Burkesville;346
17;KY;KY;Flatwoods;868
17;KY;KY;Richmond;2221
17;KY;KY;Edmonton;761
17;KY;KY;Crestwood;609
17;KY;KY;Christian County;479
17;KY;KY;Georgetown;976
17;KY;KY;Elizabethtown;779
17;KY;KY;Wayne County;2775
17;KY;KY;McCracken County;1627
17;KY;KY;Paris;1995
17;KY;KY;Morehead;1746
17;KY;KY;Lancaster;1411
17;KY;KY;Simpsonsville;2421
17;KY;KY;Chavies;456
17;KY;KY;Owingsville;1960
17;KY;KY;Trigg County;2646
17;KY;KY;Shelby Gap;2397
18;LA;LA;Lafayette;1379
18;LA;LA;Cade;368
18;LA;LA;St. Helena Parish;2508
18;LA;LA;Keithville;1319
18;LA;LA;Lacombe;1374
18;LA;LA;Pride;2151
18;LA;LA;Kenner;1326
18;LA;LA;Covington;599
18;LA;LA;Bossier City;273
18;LA;LA;New Iberia;1814
18;LA;LA;Coushatta;597
18;LA;LA;Jefferson Parish;1280
18;LA;LA;Caddo Parish;367
18;LA;LA;Bogalusa;261
18;LA;LA;Slidell;2428
18;LA;LA;Bernice;220
18;LA;LA;New Llano;1816
18;LA;LA;Marksville;1607
18;LA;LA;Lakes Charles;1402
18;LA;LA;Raceland;2172
18;LA;LA;Lake Charles;1385
18;LA;LA;Crowley;612
18;LA;LA;Franklin;920
18;LA;LA;Breaux Bridge;297
18;LA;LA;New Orleans;1819
18;LA;LA;Ragley;2174
18;LA;LA;Hammond;1086
18;LA;LA;West Monroe;2811
18;LA;LA;Winn Parish;2868
18;LA;LA;Avondale;135
18;LA;LA;Terrytown;2608
18;LA;LA;Ethel;816
18;LA;LA;West Ouachita;2814
18;LA;LA;Gibson;980
18;LA;LA;Baton Rouge;174
18;LA;LA;Bastrop;171
18;LA;LA;Winnsboro;2870
18;LA;LA;Homer;1186
18;LA;LA;Alexandria;35
18;LA;LA;Ouachita Parish;1953
18;LA;LA;Treme;2642
18;LA;LA;Evangeline Parish;825
18;LA;LA;Whitehall;2839
18;LA;LA;Livingston Parish;1503
18;LA;LA;East Baton Rouge;732
18;LA;LA;Clinton;522
18;LA;LA;Mandeville;1584
18;LA;LA;Amite;50
18;LA;LA;Goodbee;1009
18;LA;LA;Converse;575
18;LA;LA;Haughton;1115
18;LA;LA;Houma;1199
18;LA;LA;Metairie;1663
18;LA;LA;DeRidder;656
18;LA;LA;St. Tammany Parish;2518
18;LA;LA;Iota;1247
18;LA;LA;Harvey;1111
18;LA;LA;Port Allen;2113
18;LA;LA;Port Barre;2115
18;LA;LA;Lincoln Parish;1486
18;LA;LA;Gretna;1062
18;LA;LA;Shreveport;2413
18;LA;LA;Plaquemine;2092
18;LA;LA;Pineville;2078
18;LA;LA;Denham Springs;679
18;LA;LA;Monroe;1718
18;LA;LA;Mamou;1576
18;LA;LA;Chalmette;438
19;MA;MA;West Springfield;2817
19;MA;MA;Lowell;1534
19;MA;MA;Auburn;117
19;MA;MA;Boston;274
19;MA;MA;Westborough;2821
19;MA;MA;Weymouth;2833
19;MA;MA;Braintree;290
19;MA;MA;Brockton;312
19;MA;MA;Taunton;2595
19;MA;MA;Newbury;1828
19;MA;MA;Spencer;2479
19;MA;MA;Roslindale;2273
19;MA;MA;Webster;2779
19;MA;MA;Brookline;318
19;MA;MA;Everett;829
19;MA;MA;Pittsfield;2086
19;MA;MA;Fall River;849
19;MA;MA;Beverly;225
19;MA;MA;Milford;1685
19;MA;MA;Revere;2212
19;MA;MA;Lynn;1553
19;MA;MA;Reading;2193
19;MA;MA;Oxford;1962
19;MA;MA;Winchester;2865
19;MA;MA;Tewksbury;2609
20;MD;MD;Columbia;557
20;MD;MD;Owings Mills;1959
20;MD;MD;La Plata;1367
20;MD;MD;District Heights;700
20;MD;MD;Elkton;788
20;MD;MD;Abingdon;5
20;MD;MD;Elkridge;787
20;MD;MD;Woodlawn;2888
20;MD;MD;Rosedale;2268
20;MD;MD;Westminster;2826
20;MD;MD;Fort Meade;901
20;MD;MD;Salisbury;2311
20;MD;MD;Greenbelt;1044
20;MD;MD;Overlea;1955
20;MD;MD;Mt Airy;1769
20;MD;MD;Linthicum;1490
20;MD;MD;Temple Hills;2603
20;MD;MD;Sparks;2471
20;MD;MD;Reisterstown;2206
20;MD;MD;Baltimore;150
20;MD;MD;Pikesville;2067
20;MD;MD;Thurmont;2624
20;MD;MD;Landover;1418
20;MD;MD;Capitol Heights;399
20;MD;MD;Hyattsville;1228
20;MD;MD;Potomac;2135
20;MD;MD;Davidsonville;647
20;MD;MD;Lexington Park;1477
20;MD;MD;Randallstown;2185
20;MD;MD;Frederick;932
20;MD;MD;Bel Air;193
20;MD;MD;North East;1860
20;MD;MD;Emmitsburg;799
20;MD;MD;Fort Washington;911
20;MD;MD;Clinton;520
20;MD;MD;Rockville;2254
20;MD;MD;Oxon Hill;1965
20;MD;MD;Havre de Grace;1116
20;MD;MD;Middle River;1673
20;MD;MD;Dundalk;718
20;MD;MD;Montgomery Village;1735
20;MD;MD;Parkville;2003
20;MD;MD;Little Orleans;1497
20;MD;MD;Rising Sun;2232
20;MD;MD;Phoenix;2059
20;MD;MD;Silver Spring;2418
20;MD;MD;Chestertown;466
20;MD;MD;Glen Burnie;992
20;MD;MD;Essex;814
21;ME;ME;Presque Isle;2148
21;ME;ME;Portland;2131
21;ME;ME;Orrington;1950
21;ME;ME;Limerick;1481
21;ME;ME;Oakfield;1894
21;ME;ME;Old Town;1919
21;ME;ME;Smyrna;2433
21;ME;ME;Naples;1792
21;ME;ME;Madison;1566
21;ME;ME;Auburn;116
21;ME;ME;Bangor;152
21;ME;ME;Wales;2730
21;ME;ME;Gorham;1015
21;ME;ME;Minot;1698
21;ME;ME;Vassalboro;2702
21;ME;ME;Belgrade;195
21;ME;ME;Waldoboro;2729
21;ME;ME;Hiram;1168
21;ME;ME;Arundel;92
22;MI;MI;Benton Township;215
22;MI;MI;Troy;2652
22;MI;MI;St. Clair Shores;2502
22;MI;MI;Benton Harbor;214
22;MI;MI;Hessel;1151
22;MI;MI;Pavilion Township;2017
22;MI;MI;Redford Township;2200
22;MI;MI;Southfield;2465
22;MI;MI;Union Township;2682
22;MI;MI;Pennfield Township;2037
22;MI;MI;Columbia Township;562
22;MI;MI;Lansing;1421
22;MI;MI;Oak Park;1889
22;MI;MI;Inkster;1243
22;MI;MI;Beaverton;187
22;MI;MI;Portage;2125
22;MI;MI;Bay City;177
22;MI;MI;Genesee Township;970
22;MI;MI;Manistee;1588
22;MI;MI;Plymouth Township;2098
22;MI;MI;Belleville;201
22;MI;MI;Gaines Township;954
22;MI;MI;Cato Township;421
22;MI;MI;Lincoln Township;1487
22;MI;MI;Trenton;2645
22;MI;MI;Dearborn Heights;661
22;MI;MI;Jackson;1260
22;MI;MI;Bagley Township;141
22;MI;MI;Holland Township;1178
22;MI;MI;St. Joseph County;2512
22;MI;MI;Battle Creek;175
22;MI;MI;Dearborn;659
22;MI;MI;St. Joseph;2510
22;MI;MI;Ishpeming Township;1253
22;MI;MI;Romulus;2261
22;MI;MI;Grand Rapids;1026
22;MI;MI;Algoma Township;37
22;MI;MI;West Olive;2813
22;MI;MI;Eckford Township;752
22;MI;MI;Warren;2743
22;MI;MI;Shelby Township;2398
22;MI;MI;Waterford Township;2763
22;MI;MI;Bloomfield Township;249
22;MI;MI;Kentwood;1332
22;MI;MI;Wyoming;2892
22;MI;MI;Saginaw;2302
22;MI;MI;Roxand Township;2284
22;MI;MI;Royal Oak;2287
22;MI;MI;Detroit;691
22;MI;MI;Eaton Rapids Township;748
22;MI;MI;Sebewaing;2372
22;MI;MI;Flint;871
22;MI;MI;Brighton Township;308
22;MI;MI;Walloon Lake;2732
22;MI;MI;Kalamazoo;1308
22;MI;MI;Marine City;1601
22;MI;MI;Marion;1602
22;MI;MI;Blackman Township;244
22;MI;MI;Eaton County;747
22;MI;MI;Midland;1678
22;MI;MI;Delta Township;675
23;MN;MN;Vineland;2714
23;MN;MN;Cohasset;545
23;MN;MN;Virginia;2716
23;MN;MN;Aitkin;21
23;MN;MN;Chanhassen;442
23;MN;MN;Hermantown;1146
23;MN;MN;Minneapolis;1697
23;MN;MN;Plymouth;2096
23;MN;MN;Morris;1751
23;MN;MN;Hutchinson;1226
23;MN;MN;Columbia Heights;561
23;MN;MN;Peterson;2050
23;MN;MN;Chaska;452
23;MN;MN;Austin;127
23;MN;MN;Gilbert;985
23;MN;MN;Hastings;1113
23;MN;MN;Backus;139
23;MN;MN;Albert Lea;28
23;MN;MN;Vadnais Heights;2690
23;MN;MN;Eagan;727
23;MN;MN;Pine County;2072
23;MN;MN;Alexandria;34
23;MN;MN;Mora;1744
23;MN;MN;Mankato;1590
23;MN;MN;Burnsville;354
23;MN;MN;Lakeville;1405
23;MN;MN;St. James;2509
23;MN;MN;St. Paul;2516
23;MN;MN;St. Louis Park;2514
23;MN;MN;Lake Elmo;1387
23;MN;MN;Falcon Heights;848
23;MN;MN;Fairmont;845
23;MN;MN;Fridley;940
23;MN;MN;New Hope;1813
23;MN;MN;Bloomington;252
23;MN;MN;Shakopee;2388
23;MN;MN;St. Cloud;2504
23;MN;MN;Crystal;615
23;MN;MN;North Branch;1858
23;MN;MN;Miltona;1694
23;MN;MN;Stillwater;2534
23;MN;MN;Coon Rapids;579
23;MN;MN;Roseville;2272
23;MN;MN;Brooklyn Center;321
23;MN;MN;Richfield;2217
23;MN;MN;Bemidji;209
24;MO;MO;Hayti;1123
24;MO;MO;McDowell;1628
24;MO;MO;Joplin;1299
24;MO;MO;Republic;2210
24;MO;MO;Columbia;560
24;MO;MO;Odessa;1905
24;MO;MO;Ozark;1968
24;MO;MO;Lampe;1410
24;MO;MO;Lakeshire;1404
24;MO;MO;Bismarck;238
24;MO;MO;Buffalo;338
24;MO;MO;Kansas City;1312
24;MO;MO;Maysville;1624
24;MO;MO;Greene County;1045
24;MO;MO;Maryland Heights;1612
24;MO;MO;Monett;1712
24;MO;MO;Clinton;528
24;MO;MO;Cuba;617
24;MO;MO;Florissant;881
24;MO;MO;Affton;15
24;MO;MO;Adrian;14
24;MO;MO;Sedalia;2375
24;MO;MO;North St. Louis;1878
24;MO;MO;Blue Springs;255
24;MO;MO;Harrisonville;1108
24;MO;MO;Webster Groves;2781
24;MO;MO;Blue Summit;256
24;MO;MO;Wheeling;2834
24;MO;MO;Old Mines;1917
24;MO;MO;Grandview;1028
24;MO;MO;Big Bear;229
24;MO;MO;St. Joseph;2511
24;MO;MO;Lebanon;1451
24;MO;MO;Lee's Summit;1453
24;MO;MO;St. Louis;2513
24;MO;MO;Barton County;166
24;MO;MO;Cape Girardeau;398
24;MO;MO;Cotter;590
24;MO;MO;Leadwood;1447
24;MO;MO;Mountain Grove;1765
24;MO;MO;Holt;1183
24;MO;MO;Liberty;1478
24;MO;MO;Sugar Creek;2552
24;MO;MO;Poplar Bluff;2112
24;MO;MO;Independence;1234
24;MO;MO;Everton;830
24;MO;MO;Belton;207
24;MO;MO;O'Fallon;1885
24;MO;MO;Fulton;950
24;MO;MO;Sullivan;2556
24;MO;MO;Carthage;414
24;MO;MO;Neosho;1802
24;MO;MO;University City;2684
24;MO;MO;Aurora;124
24;MO;MO;Johnson County;1291
24;MO;MO;Jefferson City;1278
24;MO;MO;Nevada;1804
24;MO;MO;Franklin County;928
24;MO;MO;Raytown;2192
24;MO;MO;Jennings;1283
24;MO;MO;Pettis County;2052
24;MO;MO;Chesterfield;464
24;MO;MO;St. Charles County;2501
24;MO;MO;Jackson;1263
24;MO;MO;St Louis;2499
24;MO;MO;Springfield;2491
25;MS;MS;Moss Point;1758
25;MS;MS;Monroe County;1720
25;MS;MS;Neshoba County;1803
25;MS;MS;Madison County;1568
25;MS;MS;Columbus;566
25;MS;MS;Meridian;1656
25;MS;MS;DeSoto County;658
25;MS;MS;Tate County;2594
25;MS;MS;Barton;165
25;MS;MS;Lauderdale County;1431
25;MS;MS;Stone County;2539
25;MS;MS;Gautier;969
25;MS;MS;Hinds County;1165
25;MS;MS;Walls;2733
25;MS;MS;Tupelo;2664
25;MS;MS;Horn Lake;1196
25;MS;MS;Pontotoc County;2110
25;MS;MS;St. Martin;2515
25;MS;MS;Brookhaven;316
25;MS;MS;Biloxi;235
25;MS;MS;Ruth;2296
25;MS;MS;Braxton;294
25;MS;MS;Smithville;2432
25;MS;MS;Iuka;1256
25;MS;MS;Fayette;856
25;MS;MS;Jackson;1259
25;MS;MS;Florence;874
25;MS;MS;Southaven;2464
25;MS;MS;Grenada;1060
25;MS;MS;Greenville;1055
25;MS;MS;Collinsville;551
25;MS;MS;Pearl;2022
25;MS;MS;Gulfport;1069
25;MS;MS;Lucedale;1542
25;MS;MS;Lumberton;1548
25;MS;MS;Clarksdale;502
25;MS;MS;Clinton;523
25;MS;MS;Oxford;1963
25;MS;MS;Hancock County;1091
25;MS;MS;Pascagoula;2009
25;MS;MS;Water Valley;2761
25;MS;MS;Hattiesburg;1114
25;MS;MS;Wesson;2795
25;MS;MS;Petal;2048
25;MS;MS;Pearl River County;2023
25;MS;MS;Pelehatchie;2026
26;MT;MT;Helena;1129
26;MT;MT;Dillon;697
26;MT;MT;Shelby;2396
26;MT;MT;Bozeman;286
26;MT;MT;Great Falls;1038
26;MT;MT;Superior;2568
26;MT;MT;Huntley;1217
26;MT;MT;Missoula;1702
26;MT;MT;Billings;234
26;MT;MT;Bigfork;233
26;MT;MT;Three Forks;2621
26;MT;MT;Livingston;1502
26;MT;MT;Malta;1575
26;MT;MT;Philipsburg;2058
26;MT;MT;Lewistown;1472
26;MT;MT;Lodge Grass;1508
26;MT;MT;Butte;357
26;MT;MT;Flathead County;867
27;NC;NC;Pinnacle;2081
27;NC;NC;Watauga County;2760
27;NC;NC;Washington;2748
27;NC;NC;Pleasant Hill;2093
27;NC;NC;Mooresville;1742
27;NC;NC;Asheboro;97
27;NC;NC;Ashe County;96
27;NC;NC;Asheville;98
27;NC;NC;Polkton;2104
27;NC;NC;Union Grove;2679
27;NC;NC;Wake County;2727
27;NC;NC;Wake Forest;2728
27;NC;NC;Wadesboro;2723
27;NC;NC;Morganton;1749
27;NC;NC;WInston Salem;2721
27;NC;NC;Parkton;2002
27;NC;NC;Winston-Salem;2874
27;NC;NC;Peachland;2019
27;NC;NC;Wilson;2860
27;NC;NC;Clinton;524
27;NC;NC;Cofield;544
27;NC;NC;Greensboro;1049
27;NC;NC;Aberdeen;3
27;NC;NC;Mocksville;1706
27;NC;NC;Apex;70
27;NC;NC;Anson County;62
27;NC;NC;Archdale;78
27;NC;NC;Charlotte;449
27;NC;NC;Wilkesboro;2850
27;NC;NC;Wilmington;2857
27;NC;NC;Welcome;2788
27;NC;NC;Monroe;1716
27;NC;NC;Rowland;2283
27;NC;NC;Ronda;2262
27;NC;NC;Dallas;632
27;NC;NC;Roxboro;2285
27;NC;NC;Sparta;2473
27;NC;NC;Robbins;2244
27;NC;NC;Burlington;349
27;NC;NC;Spring Lake;2488
27;NC;NC;Spruce Pine;2498
27;NC;NC;Salemburg;2307
27;NC;NC;Sanford;2340
27;NC;NC;Salisbury;2310
27;NC;NC;Brevard;301
27;NC;NC;Cumberland County;621
27;NC;NC;Rutherfordton;2297
27;NC;NC;Newton Grove;1836
27;NC;NC;Shallotte;2390
27;NC;NC;Shelby;2395
27;NC;NC;Burnsville;353
27;NC;NC;Thomasville;2616
27;NC;NC;Cary;415
27;NC;NC;Raleigh;2176
27;NC;NC;Canton;392
27;NC;NC;Timberlake;2627
27;NC;NC;Mount Holly;1760
27;NC;NC;Pollocksville;2105
27;NC;NC;Bailey;142
27;NC;NC;Trinity;2648
27;NC;NC;Richlands;2219
27;NC;NC;Stoneville;2541
27;NC;NC;Davidson County;646
27;NC;NC;Statesville;2528
27;NC;NC;Caldwell County;372
27;NC;NC;Ramseur;2178
27;NC;NC;Mt. Airy;1770
27;NC;NC;Calypso;379
27;NC;NC;Tarboro;2592
27;NC;NC;Elizabethtown;778
27;NC;NC;Lincoln County;1485
27;NC;NC;Henderson County;1136
27;NC;NC;Iredell County;1248
27;NC;NC;Hubert;1203
27;NC;NC;Durham;724
27;NC;NC;Dublin;716
27;NC;NC;Ernul;811
27;NC;NC;Henderson;1134
27;NC;NC;Franklin;924
27;NC;NC;Lumberton;1547
27;NC;NC;Maiden;1573
27;NC;NC;Huntersville;1211
27;NC;NC;High Point;1155
27;NC;NC;Linwood;1491
27;NC;NC;Gastonia;968
27;NC;NC;East Flat Rock;735
27;NC;NC;Gaston County;967
27;NC;NC;Kinston;1347
27;NC;NC;Lincolnton;1488
27;NC;NC;Kings Mountain;1342
27;NC;NC;Lexington;1474
27;NC;NC;Lawndale;1434
27;NC;NC;Hickory;1154
27;NC;NC;Granite Falls;1029
27;NC;NC;Liberty;1479
27;NC;NC;Fayetteville;858
27;NC;NC;Efland;763
27;NC;NC;Leland;1461
27;NC;NC;Fletcher;870
27;NC;NC;Lenoir;1464
27;NC;NC;Fleetwood;869
27;NC;NC;Jamestown;1274
27;NC;NC;Graham;1018
27;NC;NC;Greenville;1053
27;NC;NC;Hudson;1205
27;NC;NC;Hendersonville;1137
27;NC;NC;Jonesville;1298
28;ND;ND;Devil's Lake;692
28;ND;ND;Standing Rock Reservation;2521
28;ND;ND;Dickinson;694
28;ND;ND;Mandan;1582
28;ND;ND;Belcourt;194
28;ND;ND;Stutsman County;2549
28;ND;ND;Grand Forks;1021
28;ND;ND;Wood Lake;2883
28;ND;ND;West Fargo;2801
28;ND;ND;Bismarck;239
29;NE;NE;Arnold;88
29;NE;NE;Grand Island;1022
29;NE;NE;South Sioux City;2462
29;NE;NE;Louisville;1530
29;NE;NE;Lincoln;1482
29;NE;NE;Omaha;1925
29;NE;NE;Rushville;2292
29;NE;NE;Blair;247
29;NE;NE;Big Springs;231
29;NE;NE;York;2903
29;NE;NE;Sidney;2414
30;NH;NH;Epping;809
30;NH;NH;Manchester;1580
30;NH;NH;Gonic;1007
30;NH;NH;Newton;1835
30;NH;NH;Derry;685
30;NH;NH;Claremont;494
30;NH;NH;Bath;173
30;NH;NH;Canaan;388
30;NH;NH;Hampton;1087
30;NH;NH;Merrimack;1660
30;NH;NH;Peterborough;2049
30;NH;NH;Belmont;205
31;NJ;NJ;Maurice River;1622
31;NJ;NJ;Hardwick;1099
31;NJ;NJ;Atlantic City;112
31;NJ;NJ;Manchester;1579
31;NJ;NJ;Princeton;2154
31;NJ;NJ;Brick;302
31;NJ;NJ;Bridgeton;305
31;NJ;NJ;Newark;1826
31;NJ;NJ;Brick Township;303
31;NJ;NJ;Bass River;168
31;NJ;NJ;Hackensack;1076
31;NJ;NJ;New Brunswick;1808
31;NJ;NJ;Old Bridge;1915
31;NJ;NJ;Cranbury Township;601
31;NJ;NJ;Bloomfield;248
31;NJ;NJ;Logan Township;1513
31;NJ;NJ;Pemberton;2030
31;NJ;NJ;Jersey City;1284
31;NJ;NJ;Camden;381
31;NJ;NJ;Wayne;2774
31;NJ;NJ;Irvington;1252
31;NJ;NJ;Byram;361
31;NJ;NJ;Deptford;684
31;NJ;NJ;Passaic;2012
31;NJ;NJ;Paterson;2013
31;NJ;NJ;Mantoloking;1596
31;NJ;NJ;Toms River;2636
31;NJ;NJ;Farmingdale;852
31;NJ;NJ;Woodbridge;2884
31;NJ;NJ;Trenton;2644
31;NJ;NJ;North Bergen;1857
31;NJ;NJ;Orange;1937
31;NJ;NJ;Little Egg Harbor Township;1494
31;NJ;NJ;Ventnor;2704
31;NJ;NJ;Hamilton;1083
31;NJ;NJ;Lyndhurst;1552
31;NJ;NJ;Ideal Beach;1231
31;NJ;NJ;Little Egg Harbor;1493
31;NJ;NJ;Morris Township;1753
31;NJ;NJ;Winslow;2872
31;NJ;NJ;Bloomingdale;251
31;NJ;NJ;Secaucus;2374
31;NJ;NJ;Asbury Park;95
31;NJ;NJ;Vineland;2713
31;NJ;NJ;Millville;1691
32;NM;NM;Edgewood;756
32;NM;NM;Las Cruces;1428
32;NM;NM;Carrizozo;405
32;NM;NM;Farmington;854
32;NM;NM;Tucumcari;2657
32;NM;NM;Pueblo of Laguna;2161
32;NM;NM;Hanover;1095
32;NM;NM;Crownpoint;614
32;NM;NM;Eldorado;773
32;NM;NM;Tularosa;2660
32;NM;NM;Carlsbad;400
32;NM;NM;Truth or Consequences;2654
32;NM;NM;Aztec;137
32;NM;NM;Hobbs;1171
32;NM;NM;Los Lunas;1528
32;NM;NM;Artesia;90
32;NM;NM;Clovis;531
32;NM;NM;San Rafael;2332
32;NM;NM;Santa Fe;2347
32;NM;NM;Angel Fire;59
32;NM;NM;Penasco;2033
32;NM;NM;Socorro;2442
32;NM;NM;Lovington;1533
32;NM;NM;Bernalillo;218
32;NM;NM;Fort Sumner;908
32;NM;NM;Deming;677
32;NM;NM;Jal;1270
32;NM;NM;Laguna;1380
32;NM;NM;Roswell;2277
32;NM;NM;Rowe;2282
32;NM;NM;Laguna Pueblo;1382
32;NM;NM;Gallup;958
32;NM;NM;Taos;2591
32;NM;NM;Albuquerque;30
32;NM;NM;Rudioso;2288
32;NM;NM;Alamogordo;24
32;NM;NM;Meadowlake;1640
32;NM;NM;Sunland Park;2563
32;NM;NM;Naschitti;1794
32;NM;NM;Ruidoso;2290
33;NV;NV;Pahrump;1973
33;NV;NV;Lovelock;1532
33;NV;NV;Washoe;2756
33;NV;NV;Carson City;410
33;NV;NV;North Las Vegas;1868
33;NV;NV;Las Vegas;1429
33;NV;NV;Elko;786
33;NV;NV;Henderson;1133
33;NV;NV;West Wendover;2820
33;NV;NV;Summerlin;2558
33;NV;NV;Boulder City;278
33;NV;NV;Yerington;2897
33;NV;NV;Jean;1277
33;NV;NV;Mercury;1654
33;NV;NV;Stead;2529
33;NV;NV;Silver Springs;2419
33;NV;NV;Gardnerville Ranchos;964
33;NV;NV;Spanish Springs;2470
33;NV;NV;Reno;2207
33;NV;NV;Sparks;2472
33;NV;NV;Sunridge;2565
34;NY;NY;East Northport;739
34;NY;NY;Port Jervis;2117
34;NY;NY;Mount Vernon;1763
34;NY;NY;Cheektowaga;458
34;NY;NY;Beacon;182
34;NY;NY;Schenectady;2360
34;NY;NY;Brooklyn;319
34;NY;NY;Albany;26
34;NY;NY;Rotterdam;2279
34;NY;NY;Bronx;315
34;NY;NY;Syracuse;2581
34;NY;NY;Kirkwood;1350
34;NY;NY;Glenville;999
34;NY;NY;Tremont;2643
34;NY;NY;Brentwood;300
34;NY;NY;Staten Island;2527
34;NY;NY;Yonkers;2898
34;NY;NY;Sodus;2445
34;NY;NY;Middletown;1677
34;NY;NY;Deposit;683
34;NY;NY;Jamaica;1271
34;NY;NY;Ardsley;81
34;NY;NY;Clarendon;496
34;NY;NY;Berne;219
34;NY;NY;Warwick;2746
34;NY;NY;Arietta;82
34;NY;NY;Islip;1254
34;NY;NY;Ithaca;1255
34;NY;NY;Pembroke;2032
34;NY;NY;Merrick;1658
34;NY;NY;Stanfordville;2522
34;NY;NY;Fredonia;935
34;NY;NY;Greenport;1048
34;NY;NY;Montgomery;1731
34;NY;NY;Shirley;2410
34;NY;NY;Elmira;793
34;NY;NY;Queens;2168
34;NY;NY;Coram;583
34;NY;NY;Potsdam;2136
34;NY;NY;Rochester;2246
34;NY;NY;New York;1824
34;NY;NY;Maspeth;1619
34;NY;NY;Canandaigua;390
34;NY;NY;Buffalo;337
34;NY;NY;New Paltz;1820
34;NY;NY;New Rochelle;1821
34;NY;NY;Lee;1452
34;NY;NY;Manhasset;1585
34;NY;NY;Coney Island;572
34;NY;NY;Troy;2651
34;NY;NY;Manlius;1591
34;NY;NY;Greece;1039
34;NY;NY;Constantia;574
34;NY;NY;Malone;1574
34;NY;NY;New City;1812
34;NY;NY;Newburgh;1827
34;NY;NY;Edinburg;757
34;NY;NY;Geneseo;972
34;NY;NY;Oceanside;1901
34;NY;NY;Horseheads;1198
35;OH;OH;Franklin County;925
35;OH;OH;Toledo;2632
35;OH;OH;St. Clair Township;2503
35;OH;OH;Richmond Heights;2224
35;OH;OH;Hockingport;1172
35;OH;OH;Fairview;847
35;OH;OH;Geneva Township;974
35;OH;OH;Franklinton;930
35;OH;OH;Englewood;804
35;OH;OH;Lancaster;1412
35;OH;OH;Butler Township;356
35;OH;OH;Tiffin;2626
35;OH;OH;Jeffersonville;1282
35;OH;OH;Circleville;485
35;OH;OH;Cincinnati;483
35;OH;OH;Barberton;154
35;OH;OH;Parma;2004
35;OH;OH;Trotwood;2650
35;OH;OH;Canton;391
35;OH;OH;Springfield;2490
35;OH;OH;Warren;2742
35;OH;OH;Southington;2466
35;OH;OH;Beverly;224
35;OH;OH;Jasper;1275
35;OH;OH;Sylvania Township;2578
35;OH;OH;Girard;989
35;OH;OH;Twinsburg;2671
35;OH;OH;Fairfield;838
35;OH;OH;Lima;1480
35;OH;OH;Powatan Point;2141
35;OH;OH;Brunswick;331
35;OH;OH;Ashville;103
35;OH;OH;Hilltop;1161
35;OH;OH;Union Township;2681
35;OH;OH;Brookville;325
35;OH;OH;Brooklyn;320
35;OH;OH;Rome;2260
35;OH;OH;Celina;431
35;OH;OH;Uniontown;2683
35;OH;OH;Fairborn;833
35;OH;OH;Kent;1330
35;OH;OH;Perry Township;2044
35;OH;OH;Findlay;862
35;OH;OH;Kettering;1334
35;OH;OH;Howland Township;1202
35;OH;OH;Wadsworth;2724
35;OH;OH;Euclid;818
35;OH;OH;Hudson;1204
35;OH;OH;Struthers;2547
35;OH;OH;Ashtabula;101
35;OH;OH;Sugarcreek;2554
35;OH;OH;Ashtabula Township;102
35;OH;OH;Steubenville;2531
35;OH;OH;Pike County;2066
35;OH;OH;Van Wert;2699
35;OH;OH;Vandalia;2701
35;OH;OH;Green;1041
35;OH;OH;Waverly;2773
35;OH;OH;Willoughby;2855
35;OH;OH;Whitehall;2840
35;OH;OH;New Straitsville;1822
35;OH;OH;Madison Township;1569
35;OH;OH;Medina;1645
35;OH;OH;Mt. Auburn;1771
35;OH;OH;Apple Creek;72
35;OH;OH;Elmwood Place;794
35;OH;OH;Dayton;651
35;OH;OH;Elyria;796
35;OH;OH;Harrison Township;1106
35;OH;OH;Colebrook Township;548
35;OH;OH;North Royalton;1876
35;OH;OH;Alliance;42
35;OH;OH;Columbus;565
35;OH;OH;Oak Hill;1888
35;OH;OH;Northwood;1880
35;OH;OH;Crawford County;603
35;OH;OH;Niles;1841
35;OH;OH;Martins Ferry;1611
35;OH;OH;Mansfield;1595
35;OH;OH;Westerville;2822
35;OH;OH;Westlake;2823
35;OH;OH;East Cleveland;734
35;OH;OH;Moraine;1745
35;OH;OH;Montpelier;1737
35;OH;OH;Miami Township;1670
35;OH;OH;Washington Court House;2753
35;OH;OH;Cleveland;519
35;OH;OH;Delaware;672
35;OH;OH;Hamilton;1081
35;OH;OH;Defiance;667
35;OH;OH;Zanesville;2912
35;OH;OH;Akron;22
36;OK;OK;Mannford;1592
36;OK;OK;Tishomingo;2629
36;OK;OK;Bethany;221
36;OK;OK;Jay;1276
36;OK;OK;Millerton;1689
36;OK;OK;Cookson;577
36;OK;OK;Fairland;843
36;OK;OK;Bixby;240
36;OK;OK;Norman;1854
36;OK;OK;Ada;9
36;OK;OK;Tom;2634
36;OK;OK;Grant;1030
36;OK;OK;Edmond;760
36;OK;OK;Midwest City;1683
36;OK;OK;Cache;366
36;OK;OK;Catoosa;422
36;OK;OK;Okarche;1909
36;OK;OK;Porteau;2126
36;OK;OK;Oaks;1899
36;OK;OK;Fairfax;837
36;OK;OK;Ponca City;2108
36;OK;OK;Okmulgee County;1913
36;OK;OK;Okmulgee;1912
36;OK;OK;Okemah;1910
36;OK;OK;Oklahoma City;1911
36;OK;OK;Norwood;1883
36;OK;OK;Sperry;2480
36;OK;OK;Cushing;624
36;OK;OK;Lawton;1444
36;OK;OK;Pryor;2159
36;OK;OK;Leedey;1454
36;OK;OK;Poteau;2133
36;OK;OK;Pottawatomie County;2137
36;OK;OK;Prague;2145
36;OK;OK;Tulsa;2662
36;OK;OK;Byng;360
36;OK;OK;Kellyville;1321
36;OK;OK;Rush Springs;2291
36;OK;OK;Sallisaw;2312
36;OK;OK;Broken Bow;314
36;OK;OK;Rufe;2289
36;OK;OK;Talihina;2585
36;OK;OK;McLoud;1633
36;OK;OK;Kansas;1310
36;OK;OK;Tahlequah;2583
36;OK;OK;Mustang;1783
36;OK;OK;Boswell;275
36;OK;OK;Schulter;2362
36;OK;OK;Sapulpa;2354
36;OK;OK;Fort Smith;906
36;OK;OK;Sand Springs;2335
36;OK;OK;Del City;668
36;OK;OK;Muskogee;1782
36;OK;OK;Stillwater;2533
36;OK;OK;Kiowa;1348
36;OK;OK;Bartlesville;163
36;OK;OK;Wewoka;2832
36;OK;OK;Claremore;495
36;OK;OK;Burns Flat;352
36;OK;OK;Wetumka;2831
36;OK;OK;Allen;39
36;OK;OK;Byars;359
36;OK;OK;Noble County;1845
36;OK;OK;Hominy;1190
36;OK;OK;The Village;2612
36;OK;OK;McAlester;1626
36;OK;OK;Wilburton;2847
36;OK;OK;Guthrie;1073
36;OK;OK;Miami;1666
36;OK;OK;Roland;2258
36;OK;OK;Bunch;343
36;OK;OK;Blackwell;246
36;OK;OK;Rogers County;2257
36;OK;OK;Moore;1741
36;OK;OK;Washita County;2755
36;OK;OK;Ardmore;80
36;OK;OK;Watts;2768
36;OK;OK;Coal County;534
36;OK;OK;Pittsburg;2084
36;OK;OK;Anadarko;52
36;OK;OK;Colbert;546
36;OK;OK;Pink;2080
36;OK;OK;Chickasha;472
36;OK;OK;Owasso;1956
36;OK;OK;Enid;807
36;OK;OK;Logan County;1512
36;OK;OK;Henryetta;1142
36;OK;OK;Vinita;2715
36;OK;OK;Wagoner;2725
36;OK;OK;Healdton;1127
36;OK;OK;Eufaula;819
37;OR;OR;Polk County;2103
37;OR;OR;Bandon;151
37;OR;OR;Josephine County;1300
37;OR;OR;Eugene;821
37;OR;OR;Silverton;2420
37;OR;OR;The Dalles;2611
37;OR;OR;Oregon City;1944
37;OR;OR;Burns;351
37;OR;OR;Springfield;2494
37;OR;OR;Ontario;1931
37;OR;OR;Tualatin;2655
37;OR;OR;West Linn;2808
37;OR;OR;Aloha;43
37;OR;OR;Grants Pass;1032
37;OR;OR;Welches;2787
37;OR;OR;Coos Bay;580
37;OR;OR;Cottage Grove;589
37;OR;OR;Wolf Creek;2878
37;OR;OR;Beaverton;188
37;OR;OR;Amity;51
37;OR;OR;Salem;2306
37;OR;OR;Seaside;2369
37;OR;OR;Medford;1643
37;OR;OR;Boring;272
37;OR;OR;Klamath Falls;1352
37;OR;OR;King City;1337
37;OR;OR;Central Point;434
37;OR;OR;Keizer;1320
37;OR;OR;Wilderville;2848
37;OR;OR;Bend;210
37;OR;OR;Sherwood;2408
37;OR;OR;Gresham;1061
37;OR;OR;McMinnville;1635
37;OR;OR;Dallas;633
37;OR;OR;Florence;878
37;OR;OR;Portland;2130
37;OR;OR;Cave Junction;423
37;OR;OR;Lincoln CIty;1484
37;OR;OR;Milwaukie;1696
37;OR;OR;Colton;556
37;OR;OR;Oakridge;1898
37;OR;OR;Hillsboro;1160
37;OR;OR;Washington County;2751
37;OR;OR;Clackamas County;491
38;PA;PA;Lewistown;1471
38;PA;PA;Upper Darby;2686
38;PA;PA;Mead Township;1637
38;PA;PA;Three Springs;2623
38;PA;PA;State College;2526
38;PA;PA;West Chester;2798
38;PA;PA;Franklin Township;929
38;PA;PA;Smithfield Township;2431
38;PA;PA;York County;2905
38;PA;PA;Forksville;890
38;PA;PA;Bristol Township;311
38;PA;PA;Dover Township;711
38;PA;PA;Pottstown;2138
38;PA;PA;Lancaster;1416
38;PA;PA;Philadelphia;2056
38;PA;PA;Forks Township;889
38;PA;PA;Union City;2677
38;PA;PA;Lancaster City;1417
38;PA;PA;Philadephia;2057
38;PA;PA;Chester;463
38;PA;PA;New Kensington;1815
38;PA;PA;Huntingdon County;1212
38;PA;PA;Ross Township;2274
38;PA;PA;Wilkinsburg;2851
38;PA;PA;Penn Hills;2035
38;PA;PA;Sharon;2391
38;PA;PA;Hummelstown;1209
38;PA;PA;Pittston;2087
38;PA;PA;Penn Township;2036
38;PA;PA;Old Forge;1916
38;PA;PA;Perryopolis;2045
38;PA;PA;Pittsburgh;2085
38;PA;PA;Harrisburg;1104
38;PA;PA;Bloomsburg;253
38;PA;PA;Avella;129
38;PA;PA;Fairchance;834
38;PA;PA;Shaler Township;2389
38;PA;PA;Hazleton;1126
38;PA;PA;Nelson Township;1801
38;PA;PA;Greensburg;1050
38;PA;PA;Volant;2720
38;PA;PA;Lower Macungie Township;1537
38;PA;PA;Canaan Township;389
38;PA;PA;Allentown;41
38;PA;PA;South Greensburg;2454
38;PA;PA;Lower Mount Bethel;1538
38;PA;PA;Plymouth Township;2097
38;PA;PA;Campbelltown;385
38;PA;PA;Manchester Township;1581
38;PA;PA;Prompton;2156
38;PA;PA;King of Prussia;1339
38;PA;PA;Abington Township;7
38;PA;PA;Union Township;2680
38;PA;PA;Mount Washington;1764
38;PA;PA;Canton Township;393
38;PA;PA;Lower Burrell;1536
38;PA;PA;Erie;810
38;PA;PA;York;2900
38;PA;PA;Johnstown;1293
38;PA;PA;Somerset;2447
38;PA;PA;East Stroudsburg;743
38;PA;PA;Washington;2750
38;PA;PA;Jim Thorpe;1287
38;PA;PA;Hanover Township;1096
38;PA;PA;Fort Littleton;898
38;PA;PA;Knoxville;1356
38;PA;PA;Chambersburg;439
38;PA;PA;Reading;2194
38;PA;PA;Germantown;977
38;PA;PA;Aspers;106
38;PA;PA;Stroudsburg;2546
38;PA;PA;Myerstown;1784
38;PA;PA;Straban Township;2542
38;PA;PA;South Whitehall Township;2463
38;PA;PA;Stewartstown;2532
39;RI;RI;Providence;2157
39;RI;RI;Pawtucket;2018
39;RI;RI;Tiverton;2631
40;SC;SC;Spartanburg;2476
40;SC;SC;Inman;1244
40;SC;SC;Lake City;1386
40;SC;SC;Florence;876
40;SC;SC;Dalzell;637
40;SC;SC;Pendleton;2034
40;SC;SC;Enoree;808
40;SC;SC;Sumter;2560
40;SC;SC;Sun City;2562
40;SC;SC;Darlington County;644
40;SC;SC;Myrtle Beach;1786
40;SC;SC;Swansea;2573
40;SC;SC;Surfside Beach;2569
40;SC;SC;Columbia;559
40;SC;SC;Easley;731
40;SC;SC;Cayce;424
40;SC;SC;Pelion;2027
40;SC;SC;Seneca;2382
40;SC;SC;Union County;2678
40;SC;SC;Walterboro;2736
40;SC;SC;Ladson;1376
40;SC;SC;Boiling Springs;262
40;SC;SC;Summerville;2559
40;SC;SC;Chesterfield County;465
40;SC;SC;Hartsville;1110
40;SC;SC;Pelzer;2029
40;SC;SC;Edmund;762
40;SC;SC;Landrum;1419
40;SC;SC;Andrews;58
40;SC;SC;Little Mountain;1496
40;SC;SC;Greenville;1052
40;SC;SC;Piedmont;2063
40;SC;SC;Anderson;57
40;SC;SC;Greenville County;1057
40;SC;SC;Simpsonville;2422
40;SC;SC;Goose Creek;1013
40;SC;SC;Aiken;19
40;SC;SC;Orangeburg;1941
40;SC;SC;Lancaster;1413
40;SC;SC;Lexington;1475
40;SC;SC;York;2902
40;SC;SC;Johnsonville;1292
40;SC;SC;Lexington County;1476
40;SC;SC;Johns Island;1289
40;SC;SC;Charleston;447
40;SC;SC;Moncks Corner;1711
40;SC;SC;Latta;1430
40;SC;SC;Camp Croft;382
40;SC;SC;North Charleston;1859
40;SC;SC;Hardeeville;1098
40;SC;SC;Campobello;387
40;SC;SC;James Island;1272
40;SC;SC;Huger;1206
40;SC;SC;Lake View;1397
40;SC;SC;Taylors;2596
40;SC;SC;Chester;462
40;SC;SC;Iva;1257
40;SC;SC;Blacksburg;245
40;SC;SC;Greenwood;1059
40;SC;SC;Belton;208
40;SC;SC;Horry County;1197
40;SC;SC;Irmo;1249
40;SC;SC;Fountain Inn;916
41;SD;SD;Rapid Valley;2190
41;SD;SD;Lead;1446
41;SD;SD;Parmelee;2005
41;SD;SD;Rapid City;2189
41;SD;SD;Mitchell;1704
41;SD;SD;Rosebud;2267
41;SD;SD;Box Elder;282
41;SD;SD;New Underwood;1823
41;SD;SD;Sioux Falls;2425
41;SD;SD;White Lake;2837
41;SD;SD;Kyle;1361
42;TN;TN;Clarkrange;500
42;TN;TN;300 block of State Line Road;0
42;TN;TN;Bon Aqua;266
42;TN;TN;Johnson City;1290
42;TN;TN;Sparta;2474
42;TN;TN;Somerville;2449
42;TN;TN;Jackson;1262
42;TN;TN;Morristown;1754
42;TN;TN;Clinton;521
42;TN;TN;Sevierville;2383
42;TN;TN;Walter Hill;2735
42;TN;TN;Bluff City;258
42;TN;TN;Memphis;1648
42;TN;TN;Blountville;254
42;TN;TN;South Knoxville;2456
42;TN;TN;Dyersburg;726
42;TN;TN;Alamo;23
42;TN;TN;Bethel Springs;222
42;TN;TN;Claiborne County;492
42;TN;TN;Franklin County;927
42;TN;TN;Dickson;695
42;TN;TN;Greenville;1054
42;TN;TN;Arlington;87
42;TN;TN;Smyrna;2435
42;TN;TN;Smith County;2430
42;TN;TN;Church Hill;482
42;TN;TN;Jonesborough;1297
42;TN;TN;Decatur County;663
42;TN;TN;Spring Hill;2486
42;TN;TN;Soddy Daisy;2443
42;TN;TN;Clarksville;505
42;TN;TN;Monteagle;1724
42;TN;TN;Soddy-Daisy;2444
42;TN;TN;Shelbyville;2402
42;TN;TN;Gallatin;957
42;TN;TN;Moscow;1756
42;TN;TN;Greeneville;1046
42;TN;TN;Franklin;921
42;TN;TN;East Ridge;741
42;TN;TN;Gray;1035
42;TN;TN;Livingston;1501
42;TN;TN;Bartlett;164
42;TN;TN;Cumberland County;620
42;TN;TN;Lewisburg;1470
42;TN;TN;Reagan;2195
42;TN;TN;Germantown;978
42;TN;TN;Chattanooga;455
42;TN;TN;Hamilton County;1084
42;TN;TN;Cheatham County;457
42;TN;TN;Antioch;67
42;TN;TN;Hendersonville;1138
42;TN;TN;Humboldt;1208
42;TN;TN;Maury County;1623
42;TN;TN;Etowah;817
42;TN;TN;Lakeland;1400
42;TN;TN;Maryville;1616
42;TN;TN;Bulls Gap;342
42;TN;TN;Rockwood;2256
42;TN;TN;Whitehaven;2841
42;TN;TN;Pigeon Forge;2065
42;TN;TN;Oneida;1928
42;TN;TN;Oak Ridge;1891
42;TN;TN;West Knox;2807
42;TN;TN;Collierville;550
42;TN;TN;Tullahoma;2661
42;TN;TN;Elizabethton;777
42;TN;TN;Lenoir City;1465
42;TN;TN;Elizabethon;776
42;TN;TN;Hixson;1170
42;TN;TN;Carthage;413
42;TN;TN;Raleigh;2177
42;TN;TN;Fairview;846
42;TN;TN;Cocke County;539
42;TN;TN;Counce;594
42;TN;TN;Gibson County;981
42;TN;TN;Ooltewah;1932
42;TN;TN;Charleston;446
42;TN;TN;Cosby;588
42;TN;TN;Lawrenceburg;1440
42;TN;TN;Hohenwald;1175
42;TN;TN;McMinnville;1634
42;TN;TN;Bradley County;289
42;TN;TN;Knoxville;1357
42;TN;TN;Columbia;558
42;TN;TN;Mt. Pleasant;1772
42;TN;TN;Nashville;1796
42;TN;TN;Winchester;2862
42;TN;TN;Sale Creek;2304
42;TN;TN;Bristol;309
42;TN;TN;Greenback;1043
42;TN;TN;Mufreesboro;1774
42;TN;TN;Estill Springs;815
42;TN;TN;DeKalb County;654
42;TN;TN;McLemoresville;1632
42;TN;TN;Newport;1831
42;TN;TN;Kingsport;1345
42;TN;TN;LaFollette;1370
43;TX;TX;Wimberley;2861
43;TX;TX;Galveston;959
43;TX;TX;Gilmer;987
43;TX;TX;Bacliff;140
43;TX;TX;Harmony;1101
43;TX;TX;Groveton;1065
43;TX;TX;Vernon;2705
43;TX;TX;Addison;11
43;TX;TX;Beckville;190
43;TX;TX;Stratford;2544
43;TX;TX;Gladewater;991
43;TX;TX;Giddings;982
43;TX;TX;Guadalupe County;1068
43;TX;TX;Henderson County;1135
43;TX;TX;Azle;136
43;TX;TX;Spring;2485
43;TX;TX;Hutchins;1225
43;TX;TX;Austin;128
43;TX;TX;Greenspoint;1051
43;TX;TX;Abilene;4
43;TX;TX;Harker Heights;1100
43;TX;TX;Weslaco;2794
43;TX;TX;Hurst;1224
43;TX;TX;Bedford;191
43;TX;TX;West Odessa;2812
43;TX;TX;Gonzales County;1008
43;TX;TX;Amarillo;48
43;TX;TX;Alvin;47
43;TX;TX;Grand Prairie;1024
43;TX;TX;Splendora;2481
43;TX;TX;Garland;965
43;TX;TX;Springtown;2496
43;TX;TX;Grand Prarie;1025
43;TX;TX;Arlington;86
43;TX;TX;Temple;2602
43;TX;TX;Irving;1251
43;TX;TX;Whitewright;2842
43;TX;TX;Beaumont;183
43;TX;TX;Watagua;2758
43;TX;TX;Waco;2722
43;TX;TX;Winters;2876
43;TX;TX;Watauga;2759
43;TX;TX;Tahoka;2584
43;TX;TX;Webster;2778
43;TX;TX;Wichita Falls;2846
43;TX;TX;Baytown;180
43;TX;TX;Bay City;178
43;TX;TX;Willis;2853
43;TX;TX;Fritch;943
43;TX;TX;Winnie;2869
43;TX;TX;Weatherford;2777
43;TX;TX;Fulshear;949
43;TX;TX;Humble;1207
43;TX;TX;Hereford;1145
43;TX;TX;Victoria;2708
43;TX;TX;Georgetown;975
43;TX;TX;Wink;2867
43;TX;TX;Huntsville;1218
43;TX;TX;Tomball;2635
43;TX;TX;Sunset;2567
43;TX;TX;Bellville;204
43;TX;TX;Allen;40
43;TX;TX;Balch Springs;147
43;TX;TX;Harris County;1103
43;TX;TX;The Colony;2610
43;TX;TX;Wolfe City;2879
43;TX;TX;Houston;1200
43;TX;TX;Friendswood;942
43;TX;TX;Terrell;2607
43;TX;TX;Sweetwater;2574
43;TX;TX;Wood County;2881
43;TX;TX;Hopkins County;1195
43;TX;TX;Fuqua;952
43;TX;TX;Freeport;936
43;TX;TX;Progreso;2155
43;TX;TX;Canutillo;395
43;TX;TX;League City;1448
43;TX;TX;Carrollton;408
43;TX;TX;Fairfield;840
43;TX;TX;Quanah;2166
43;TX;TX;Laredo;1425
43;TX;TX;Lantana;1423
43;TX;TX;Camp Wood;383
43;TX;TX;Quinlan;2171
43;TX;TX;Campbellton;384
43;TX;TX;Cedar Hill;427
43;TX;TX;Ponder;2109
43;TX;TX;Cedar Lake;428
43;TX;TX;Plano;2089
43;TX;TX;Nacogdoches;1787
43;TX;TX;Levelland;1468
43;TX;TX;DeSoto;657
43;TX;TX;Poteet;2134
43;TX;TX;Port Arthur;2114
43;TX;TX;Leon County;1467
43;TX;TX;Myra;1785
43;TX;TX;Rosser;2275
43;TX;TX;Round Rock;2281
43;TX;TX;Rosenberg;2270
43;TX;TX;Lake Jackson;1393
43;TX;TX;Brookshire;322
43;TX;TX;Floresville;879
43;TX;TX;Saginaw;2301
43;TX;TX;Dilley;696
43;TX;TX;La Marque;1364
43;TX;TX;Denton;680
43;TX;TX;La Porte;1368
43;TX;TX;Reno;2208
43;TX;TX;Del Rio;670
43;TX;TX;Mesquite;1662
43;TX;TX;Farmers Branch;851
43;TX;TX;Refugio;2205
43;TX;TX;Lancaster;1414
43;TX;TX;Brownsville;329
43;TX;TX;Rockwall;2255
43;TX;TX;Dumas;717
43;TX;TX;Rio Bravo;2230
43;TX;TX;Burnet;350
43;TX;TX;Channelview;443
43;TX;TX;Crowell;611
43;TX;TX;Lufkin;1546
43;TX;TX;Elmendorf;792
43;TX;TX;Cloverleaf;530
43;TX;TX;Ellis County;791
43;TX;TX;Lubbock;1541
43;TX;TX;Maryneal;1613
43;TX;TX;Palestine;1976
43;TX;TX;Marshall;1608
43;TX;TX;Nocona;1846
43;TX;TX;Edinburg;758
43;TX;TX;Odessa;1904
43;TX;TX;North Laredo;1867
43;TX;TX;Corpus Christi;587
43;TX;TX;Conroe;573
43;TX;TX;Oak Cliff;1886
43;TX;TX;Mansfield;1594
43;TX;TX;Cochran County;538
43;TX;TX;Clute;533
43;TX;TX;Mabank;1557
43;TX;TX;Onalaska;1927
43;TX;TX;El Paso;770
43;TX;TX;Dalhart;630
43;TX;TX;Dallas;631
43;TX;TX;Llano;1505
43;TX;TX;Mathis;1620
43;TX;TX;Lockhart;1506
43;TX;TX;New Boston;1806
43;TX;TX;McKinney;1630
43;TX;TX;Chapeno;444
43;TX;TX;Euless;822
43;TX;TX;Pharr;2053
43;TX;TX;Littlefield;1499
43;TX;TX;Cinco Ranch;484
43;TX;TX;Paris;1996
43;TX;TX;Cisco;486
43;TX;TX;Clarksville;504
43;TX;TX;Panhandle;1989
43;TX;TX;Lorena;1525
43;TX;TX;Pattison;2014
43;TX;TX;Pearland;2024
43;TX;TX;Pasadena;2007
43;TX;TX;Childress;474
43;TX;TX;Longview;1524
43;TX;TX;Denton County;681
43;TX;TX;Fort Stockton;907
43;TX;TX;Seagoville;2367
43;TX;TX;Killeen;1336
43;TX;TX;Boerne;260
43;TX;TX;Midland;1679
43;TX;TX;Plainview;2088
43;TX;TX;Kerrville;1333
43;TX;TX;Bracketville;287
43;TX;TX;Sandia;2336
43;TX;TX;San Marcos;2329
43;TX;TX;Kingwood;1346
43;TX;TX;Schertz;2361
43;TX;TX;Kingsbury;1343
43;TX;TX;Sanger;2341
43;TX;TX;Jourdanton;1302
43;TX;TX;Silsbee;2417
43;TX;TX;Sierra Blanca;2415
43;TX;TX;Mission;1700
43;TX;TX;Bexar County;227
43;TX;TX;Socorro;2441
43;TX;TX;Snyder;2440
43;TX;TX;Fort Worth;913
43;TX;TX;Monahans;1710
43;TX;TX;Midlothian;1680
43;TX;TX;Katy;1314
43;TX;TX;Missouri City;1703
43;TX;TX;Sherman;2406
43;TX;TX;Shelbyville;2401
43;TX;TX;San Angelo;2315
43;TX;TX;Kountze;1359
43;TX;TX;Seminole;2380
43;TX;TX;San Antonio;2316
43;TX;TX;Knox County;1355
43;TX;TX;San Benito;2317
44;UT;UT;Roy;2286
44;UT;UT;Montezuma Creek;1729
44;UT;UT;South Ogden;2460
44;UT;UT;Millcreek;1688
44;UT;UT;South Salt Lake;2461
44;UT;UT;Herriman;1149
44;UT;UT;Sandy;2338
44;UT;UT;Cottonwood Heights;593
44;UT;UT;West Valley City;2819
44;UT;UT;Tooele;2638
44;UT;UT;Wellington;2790
44;UT;UT;Clinton;525
44;UT;UT;Bountiful;280
44;UT;UT;Roosevelt;2263
44;UT;UT;Layton;1445
44;UT;UT;Emery County;797
44;UT;UT;Cedar City;426
44;UT;UT;Aragonite;76
44;UT;UT;Centerville;433
44;UT;UT;Clearfield;513
44;UT;UT;Holladay;1177
44;UT;UT;Salt Lake City;2313
44;UT;UT;Provo;2158
44;UT;UT;Huntsville;1219
44;UT;UT;Orem;1945
44;UT;UT;Magna;1571
44;UT;UT;Sugar House;2553
44;UT;UT;Logan;1510
44;UT;UT;Midvale;1681
44;UT;UT;Milcreek;1684
44;UT;UT;Riverton;2239
44;UT;UT;West Jordan;2804
44;UT;UT;Logan Canyon;1511
44;UT;UT;Ogden;1906
44;UT;UT;Taylorsville;2597
44;UT;UT;Draper;713
44;UT;UT;Syracuse;2580
44;UT;UT;Eagle Mountain;729
44;UT;UT;Spanish Fork;2469
44;UT;UT;Parowan;2006
44;UT;UT;Kearns;1317
45;VA;VA;Glade Spring;990
45;VA;VA;Lynchburg;1551
45;VA;VA;Lexington;1473
45;VA;VA;Bristol;310
45;VA;VA;Aldie;32
45;VA;VA;Pearisburg;2021
45;VA;VA;Alexandria;36
45;VA;VA;York County;2904
45;VA;VA;Grundy;1067
45;VA;VA;Woodbridge;2885
45;VA;VA;Mecklenburg;1642
45;VA;VA;Arvonia;94
45;VA;VA;Chase City;451
45;VA;VA;Abingdon;6
45;VA;VA;Newport News;1833
45;VA;VA;Grayson County;1037
45;VA;VA;Herndon;1148
45;VA;VA;Stafford;2519
45;VA;VA;Woodford;2886
45;VA;VA;Virginia Beach;2717
45;VA;VA;Emporia;800
45;VA;VA;Arlington;85
45;VA;VA;Danville;642
45;VA;VA;Culpeper;618
45;VA;VA;Henrico;1139
45;VA;VA;Chesapeake;460
45;VA;VA;Chester;461
45;VA;VA;Haymarket;1120
45;VA;VA;Hiltons;1164
45;VA;VA;Timberville;2628
45;VA;VA;Wytheville;2894
45;VA;VA;Colonial Heights;552
45;VA;VA;Wythe County;2893
45;VA;VA;Suffolk;2551
45;VA;VA;Charlottesville;450
45;VA;VA;Norfolk;1853
45;VA;VA;King George;1338
45;VA;VA;Norman;1855
45;VA;VA;Falls Church;850
45;VA;VA;Hampton;1088
45;VA;VA;Roanoke;2243
45;VA;VA;Wise County;2877
45;VA;VA;Bassett;169
45;VA;VA;Buchanan;334
45;VA;VA;Montgomery County;1733
45;VA;VA;Concord;571
45;VA;VA;Richmond;2222
45;VA;VA;Spotsylvania;2484
45;VA;VA;Richmond County;2223
45;VA;VA;Hopewell;1194
45;VA;VA;Farmville;855
45;VA;VA;Harrisonburg;1107
45;VA;VA;Portsmouth;2132
45;VA;VA;Winchester;2863
45;VA;VA;Fairfax;836
45;VA;VA;Scott County;2364
45;VA;VA;Independence;1235
45;VA;VA;Hinton;1166
45;VA;VA;Sussex County;2572
45;VA;VA;Powhatan County;2144
45;VA;VA;Pulaski;2162
45;VA;VA;Waynesboro;2776
45;VA;VA;Fredericksburg;933
46;VT;VT;Rutland;2298
46;VT;VT;Montpelier;1738
46;VT;VT;Poultney;2140
46;VT;VT;Burlington;347
46;VT;VT;Bolton;264
46;VT;VT;Tunbridge;2663
46;VT;VT;Winooski;2871
47;WA;WA;Shoreline;2411
47;WA;WA;Spanaway;2468
47;WA;WA;Lynnwood;1554
47;WA;WA;Oak Harbor;1887
47;WA;WA;Snohomish;2439
47;WA;WA;Woodland;2887
47;WA;WA;Hazel Dell;1125
47;WA;WA;Wapato;2741
47;WA;WA;Parkland;2000
47;WA;WA;Wenatchee;2792
47;WA;WA;Black Diamond;241
47;WA;WA;Olympia;1923
47;WA;WA;Aberdeen;2
47;WA;WA;Ebey Island;751
47;WA;WA;Frederickstown;934
47;WA;WA;Cle Elum;511
47;WA;WA;Beaver;185
47;WA;WA;Elk Plain;781
47;WA;WA;Spokane Valley;2483
47;WA;WA;Spokane;2482
47;WA;WA;Graham;1019
47;WA;WA;Franklin County;926
47;WA;WA;Benton City;213
47;WA;WA;Grapeview;1033
47;WA;WA;Hunters;1210
47;WA;WA;Moses Lake;1757
47;WA;WA;Yakima;2895
47;WA;WA;Puyallup;2165
47;WA;WA;Toppenish;2640
47;WA;WA;Bainbridge Island;145
47;WA;WA;Bothell;276
47;WA;WA;Deer Park;665
47;WA;WA;Hillyard;1162
47;WA;WA;Kittitas;1351
47;WA;WA;Seattle;2371
47;WA;WA;Port Orchard;2119
47;WA;WA;Poulsbo;2139
47;WA;WA;Tukwila;2658
47;WA;WA;Muckleshoot Indian Reservation;1773
47;WA;WA;Bellingham;203
47;WA;WA;Ritzville;2233
47;WA;WA;Federal Way;860
47;WA;WA;Ridgefield;2226
47;WA;WA;Lakewood;1408
47;WA;WA;Burien;345
47;WA;WA;Rochester;2247
47;WA;WA;Fife;861
47;WA;WA;Riverside;2237
47;WA;WA;Redmond;2202
47;WA;WA;Sumas;2557
47;WA;WA;Bremerton;299
47;WA;WA;Lake Stevens;1396
47;WA;WA;Airway Heights;20
47;WA;WA;Richland;2218
47;WA;WA;Renton;2209
47;WA;WA;Thurston County;2625
47;WA;WA;Kirkland;1349
47;WA;WA;Kennewick;1327
47;WA;WA;Kelso;1322
47;WA;WA;East Wenatchee;745
47;WA;WA;Lacey;1373
47;WA;WA;Vancouver;2700
47;WA;WA;Longview;1523
47;WA;WA;Tacoma;2582
47;WA;WA;Shelton;2403
47;WA;WA;Pasco;2010
47;WA;WA;Marysville;1615
47;WA;WA;Walla Walla;2731
47;WA;WA;Cheney;459
47;WA;WA;Alderwood Manor;31
47;WA;WA;Eatonville;749
47;WA;WA;Auburn;115
47;WA;WA;Centralia;435
47;WA;WA;Kent;1329
47;WA;WA;Des Moines;687
47;WA;WA;Glenoma;998
47;WA;WA;Kent Station;1331
47;WA;WA;Montesano;1728
47;WA;WA;Stanwood;2524
47;WA;WA;Everett;828
48;WI;WI;Weston;2828
48;WI;WI;Monroe;1717
48;WI;WI;Manitowoc;1589
48;WI;WI;Corning;584
48;WI;WI;Milwaukee;1695
48;WI;WI;Eau Claire;750
48;WI;WI;Mount Hope;1762
48;WI;WI;Menasha;1651
48;WI;WI;East Troy;744
48;WI;WI;Green Bay;1042
48;WI;WI;Greenfield;1047
48;WI;WI;Millston;1690
48;WI;WI;Crandon;602
48;WI;WI;New London;1817
48;WI;WI;Neenah;1800
48;WI;WI;York;2901
48;WI;WI;Beloit;206
48;WI;WI;Pembine;2031
48;WI;WI;Arpin;89
48;WI;WI;Ashland;100
48;WI;WI;Goodman;1011
48;WI;WI;Peshtigo;2047
48;WI;WI;Clark County;497
48;WI;WI;Kaukauna;1315
48;WI;WI;Fox Crossing;918
48;WI;WI;Kenosha;1328
48;WI;WI;Sheboygan;2394
48;WI;WI;Pardeeville;1994
48;WI;WI;Pine River;2073
48;WI;WI;Caledonia;373
48;WI;WI;Racine;2173
48;WI;WI;Fond du Lac;884
48;WI;WI;Geneva;973
48;WI;WI;Rib Mountain;2216
48;WI;WI;Lake Hallie;1390
48;WI;WI;Leon;1466
48;WI;WI;Ashwaubenon;105
48;WI;WI;La Crosse;1362
48;WI;WI;Beaver Dam;186
48;WI;WI;Suring;2570
48;WI;WI;Two Rivers;2672
48;WI;WI;West Kewaunee;2806
48;WI;WI;Black River Falls;242
48;WI;WI;Franklin;923
48;WI;WI;Oshkosh;1951
48;WI;WI;Antigo;65
48;WI;WI;Odanah;1903
48;WI;WI;West Allis;2796
48;WI;WI;South Milwaukee;2459
48;WI;WI;Madison;1565
48;WI;WI;Sparta;2475
48;WI;WI;Elkhorn;783
48;WI;WI;Fairchild;835
48;WI;WI;Appleton;74
48;WI;WI;Loyal;1540
48;WI;WI;Paddock Lake;1970
48;WI;WI;St. Croix Falls;2506
48;WI;WI;Watertown;2764
48;WI;WI;Waukesha;2770
48;WI;WI;Wauwatosa;2772
48;WI;WI;Jackson;1258
48;WI;WI;Hawkins;1118
48;WI;WI;Wausau;2771
49;WV;WV;Spencer;2478
49;WV;WV;Follansbee;883
49;WV;WV;Montgomery;1730
49;WV;WV;Buckhannon;336
49;WV;WV;Roane County;2242
49;WV;WV;Huntington;1213
49;WV;WV;Wood County;2882
49;WV;WV;Frametown;919
49;WV;WV;Scarbo;2359
49;WV;WV;Brandywine;292
49;WV;WV;Inwood;1245
49;WV;WV;Monongalia;1714
49;WV;WV;Bluefield;257
49;WV;WV;Hurricane;1222
49;WV;WV;Drennen;714
49;WV;WV;Montcalm;1722
49;WV;WV;Fort Ashby;893
49;WV;WV;Braxton County;295
49;WV;WV;Sissonville;2427
49;WV;WV;Beckley;189
49;WV;WV;Walton;2737
49;WV;WV;Grafton;1017
49;WV;WV;Clendenin;517
49;WV;WV;Clarksburg;501
49;WV;WV;Petroleum;2051
49;WV;WV;Nutter Fort;1884
49;WV;WV;Pentress;2039
49;WV;WV;Hensley;1143
49;WV;WV;Elkins;784
49;WV;WV;Welch;2786
49;WV;WV;Mannington;1593
49;WV;WV;Ona;1926
49;WV;WV;Nitro;1844
49;WV;WV;Whitby;2835
49;WV;WV;Weirton;2784
49;WV;WV;Cross Lanes;610
49;WV;WV;Valley Head;2695
49;WV;WV;Hometown;1188
49;WV;WV;Reynoldsville;2214
49;WV;WV;Fairmont;844
49;WV;WV;Gerrardstown;979
49;WV;WV;Morgantown;1750
49;WV;WV;Mount Hope;1761
49;WV;WV;Princeton;2153
49;WV;WV;Meadow Bridge;1638
49;WV;WV;Pocahontas County;2099
49;WV;WV;Augusta;121
49;WV;WV;West Milford;2810
49;WV;WV;Charleston;445
50;WY;WY;Riverton;2240
50;WY;WY;Laramie;1424
50;WY;WY;Cheyenne;468
50;WY;WY;Casper;417
50;WY;WY;Douglas;704
50;WY;WY;Rawlins;2191
50;WY;WY;Gillette;986
